count,iteration,heap_used_mb,heap_max_mb,elapsed_ms
1000,1,30,64,113
2000,1,35,64,161
3000,1,41,64,221
4000,1,47,64,325
5000,1,53,64,361
6000,1,31,64,414
7000,1,37,64,453
8000,1,43,64,484
9000,1,49,64,517
10000,1,54,64,551
11000,1,31,64,592
12000,1,36,64,625
13000,1,42,64,657
14000,1,47,64,692
15000,1,53,64,724
16000,1,28,64,758
17000,1,34,64,796
18000,1,40,64,829
19000,1,45,64,860
20000,1,51,64,898
21000,1,27,64,942
22000,1,33,64,981
23000,1,38,64,1010
24000,1,44,64,1039
25000,1,49,64,1073
26000,1,55,64,1104
27000,1,30,64,1131
28000,1,35,64,1156
29000,1,41,64,1189
30000,1,46,64,1218
31000,1,52,64,1250
32000,1,28,64,1290
33000,1,33,64,1315
34000,1,39,64,1393
35000,1,44,64,1426
36000,1,50,64,1456
37000,1,55,64,1484
38000,1,30,64,1514
39000,1,35,64,1538
40000,1,41,64,1565
41000,1,46,64,1593
42000,1,52,64,1624
43000,1,57,64,1664
44000,1,31,64,1694
45000,1,36,64,1718
46000,1,41,64,1742
47000,1,47,64,1764
48000,1,52,64,1788
49000,1,27,64,1812
50000,1,33,64,1837
51000,1,38,64,1861
52000,1,44,64,1884
53000,1,49,64,1906
54000,1,55,64,1933
55000,1,29,64,1955
56000,1,34,64,1979
57000,1,40,64,2006
58000,1,45,64,2029
59000,1,51,64,2058
60000,1,56,64,2087
61000,1,30,64,2123
62000,1,35,64,2284
63000,1,41,64,2315
64000,1,46,64,2351
65000,1,51,64,2436
66000,1,57,64,2476
67000,1,30,64,2500
68000,1,36,64,2527
69000,1,41,64,2549
70000,1,47,64,2588
71000,1,52,64,2611
72000,1,57,64,2633
73000,1,30,64,2656
74000,1,35,64,2677
75000,1,41,64,2700
76000,1,46,64,2721
77000,1,51,64,2743
78000,1,57,64,2766
79000,1,29,64,2791
80000,1,35,64,2812
81000,1,40,64,2835
82000,1,45,64,2857
83000,1,51,64,2877
84000,1,56,64,2897
85000,1,29,64,2924
86000,1,35,64,2945
87000,1,40,64,2972
88000,1,45,64,2997
89000,1,51,64,3023
90000,1,56,64,3084
91000,1,30,64,3128
92000,1,35,64,3287
93000,1,40,64,3322
94000,1,46,64,3416
95000,1,51,64,3443
96000,1,56,64,3467
97000,1,29,64,3491
98000,1,34,64,3519
99000,1,40,64,3542
100000,1,45,64,3567
101000,1,51,64,3602
102000,1,56,64,3628
103000,1,29,64,3653
104000,1,34,64,3675
105000,1,40,64,3695
106000,1,45,64,3720
107000,1,51,64,3740
108000,1,56,64,3760
109000,1,29,64,3786
110000,1,35,64,3813
111000,1,40,64,3847
112000,1,46,64,3869
113000,1,51,64,3892
114000,1,57,64,3916
115000,1,30,64,3938
116000,1,35,64,3963
117000,1,40,64,3987
118000,1,46,64,4009
119000,1,51,64,4040
120000,1,57,64,4066
121000,1,29,64,4097
122000,1,35,64,4125
123000,1,40,64,4155
124000,1,46,64,4191
125000,1,51,64,4220
126000,1,56,64,4242
127000,1,29,64,4263
128000,1,35,64,4283
129000,1,40,64,4306
130000,1,46,64,4325
131000,1,51,64,4342
132000,1,57,64,4359
133000,1,29,64,4378
134000,1,34,64,4396
135000,1,40,64,4417
136000,1,45,64,4442
137000,1,51,64,4463
138000,1,56,64,4482
139000,1,29,64,4499
140000,1,34,64,4517
141000,1,40,64,4534
142000,1,45,64,4551
143000,1,51,64,4570
144000,1,56,64,4594
145000,1,29,64,4613
146000,1,35,64,4630
147000,1,40,64,4650
148000,1,46,64,4670
149000,1,51,64,4688
150000,1,57,64,4707
151000,1,29,64,4727
152000,1,34,64,4745
153000,1,40,64,4763
154000,1,45,64,4784
155000,1,51,64,4803
156000,1,56,64,4827
157000,1,29,64,4846
158000,1,34,64,4865
159000,1,40,64,4884
160000,1,45,64,4903
161000,1,51,64,4921
162000,1,56,64,4941
163000,1,29,64,4960
164000,1,35,64,4980
165000,1,40,64,4998
166000,1,46,64,5016
167000,1,51,64,5034
168000,1,57,64,5052
169000,1,29,64,5074
170000,1,34,64,5095
171000,1,40,64,5114
172000,1,46,64,5134
173000,1,51,64,5151
174000,1,56,64,5170
175000,1,29,64,5188
176000,1,34,64,5206
177000,1,40,64,5223
178000,1,45,64,5240
179000,1,51,64,5257
180000,1,56,64,5277
181000,1,29,64,5297
182000,1,35,64,5315
183000,1,40,64,5334
184000,1,46,64,5353
185000,1,51,64,5371
186000,1,56,64,5389
187000,1,29,64,5409
188000,1,35,64,5432
189000,1,40,64,5456
190000,1,45,64,5478
191000,1,51,64,5499
192000,1,56,64,5520
193000,1,29,64,5543
194000,1,34,64,5565
195000,1,40,64,5582
196000,1,45,64,5599
197000,1,51,64,5616
198000,1,56,64,5639
199000,1,29,64,5682
200000,1,35,64,5875
201000,1,40,64,5922
202000,1,45,64,5956
203000,1,51,64,5978
204000,1,56,64,6003
205000,1,29,64,6055
206000,1,35,64,6079
207000,1,40,64,6160
208000,1,46,64,6209
209000,1,51,64,6248
210000,1,56,64,6276
211000,1,29,64,6300
212000,1,34,64,6319
213000,1,40,64,6350
214000,1,45,64,6371
215000,1,51,64,6400
216000,1,56,64,6421
217000,1,30,64,6452
218000,1,35,64,6481
219000,1,40,64,6503
220000,1,46,64,6532
221000,1,51,64,6552
222000,1,57,64,6572
223000,1,29,64,6597
224000,1,34,64,6623
225000,1,40,64,6643
226000,1,45,64,6696
227000,1,51,64,6729
228000,1,56,64,6753
229000,1,30,64,6773
230000,1,35,64,6793
231000,1,40,64,6817
232000,1,46,64,6840
233000,1,51,64,6860
234000,1,57,64,6880
235000,1,29,64,6902
236000,1,34,64,6924
237000,1,40,64,6947
238000,1,45,64,6966
239000,1,51,64,6984
240000,1,56,64,7002
241000,1,29,64,7025
242000,1,35,64,7046
243000,1,40,64,7064
244000,1,45,64,7086
245000,1,51,64,7109
246000,1,56,64,7128
247000,1,29,64,7147
248000,1,35,64,7173
249000,1,40,64,7193
250000,1,45,64,7211
251000,1,51,64,7229
252000,1,56,64,7248
253000,1,29,64,7268
254000,1,35,64,7291
255000,1,40,64,7309
256000,1,46,64,7327
257000,1,51,64,7344
258000,1,56,64,7364
259000,1,29,64,7383
260000,1,35,64,7402
261000,1,40,64,7420
262000,1,46,64,7444
263000,1,51,64,7466
264000,1,56,64,7486
265000,1,29,64,7504
266000,1,35,64,7522
267000,1,40,64,7539
268000,1,46,64,7556
269000,1,51,64,7574
270000,1,57,64,7591
271000,1,30,64,7613
272000,1,35,64,7631
273000,1,40,64,7651
274000,1,46,64,7670
275000,1,51,64,7702
276000,1,57,64,7722
277000,1,29,64,7744
278000,1,35,64,7761
279000,1,40,64,7780
280000,1,46,64,7798
281000,1,51,64,7815
282000,1,56,64,7833
283000,1,29,64,7850
284000,1,35,64,7869
285000,1,40,64,7885
286000,1,45,64,7902
287000,1,51,64,7923
288000,1,56,64,7945
289000,1,29,64,7967
290000,1,35,64,7985
291000,1,40,64,8001
292000,1,45,64,8021
293000,1,51,64,8040
294000,1,56,64,8060
295000,1,29,64,8079
296000,1,34,64,8099
297000,1,40,64,8118
298000,1,45,64,8138
299000,1,50,64,8156
300000,1,56,64,8173
301000,1,29,64,8192
302000,1,35,64,8209
303000,1,40,64,8226
304000,1,45,64,8243
305000,1,51,64,8261
306000,1,56,64,8279
307000,1,30,64,8298
308000,1,35,64,8317
309000,1,40,64,8338
310000,1,46,64,8359
311000,1,51,64,8381
312000,1,56,64,8398
313000,1,29,64,8415
314000,1,35,64,8442
315000,1,40,64,8464
316000,1,45,64,8484
317000,1,51,64,8505
318000,1,56,64,8527
319000,1,29,64,8548
320000,1,34,64,8567
321000,1,40,64,8585
322000,1,45,64,8603
323000,1,51,64,8623
324000,1,56,64,8643
325000,1,29,64,8667
326000,1,35,64,8689
327000,1,40,64,8708
328000,1,46,64,8731
329000,1,51,64,8752
330000,1,56,64,8770
331000,1,29,64,8790
332000,1,35,64,8808
333000,1,40,64,8827
334000,1,45,64,8846
335000,1,51,64,8864
336000,1,56,64,8887
337000,1,29,64,8908
338000,1,35,64,8926
339000,1,40,64,8945
340000,1,45,64,8966
341000,1,51,64,8989
342000,1,56,64,9013
343000,1,30,64,9032
344000,1,35,64,9052
345000,1,40,64,9070
346000,1,46,64,9090
347000,1,51,64,9110
348000,1,57,64,9133
349000,1,29,64,9154
350000,1,35,64,9175
351000,1,40,64,9196
352000,1,45,64,9217
353000,1,51,64,9235
354000,1,56,64,9254
355000,1,29,64,9276
356000,1,35,64,9293
357000,1,40,64,9312
358000,1,46,64,9328
359000,1,51,64,9349
360000,1,56,64,9370
361000,1,29,64,9388
362000,1,35,64,9405
363000,1,40,64,9421
364000,1,46,64,9444
365000,1,51,64,9466
366000,1,56,64,9483
367000,1,29,64,9502
368000,1,35,64,9522
369000,1,40,64,9540
370000,1,46,64,9556
371000,1,51,64,9574
372000,1,57,64,9591
373000,1,29,64,9608
374000,1,35,64,9624
375000,1,40,64,9641
376000,1,46,64,9659
377000,1,51,64,9676
378000,1,57,64,9692
379000,1,30,64,9709
380000,1,35,64,9728
381000,1,40,64,9747
382000,1,46,64,9766
383000,1,51,64,9782
384000,1,57,64,9801
385000,1,30,64,9817
386000,1,35,64,9833
387000,1,40,64,9851
388000,1,46,64,9869
389000,1,51,64,9887
390000,1,57,64,9905
391000,1,29,64,9926
392000,1,35,64,9943
393000,1,40,64,9960
394000,1,45,64,9978
395000,1,51,64,9997
396000,1,56,64,10014
397000,1,30,64,10034
398000,1,35,64,10050
399000,1,40,64,10067
400000,1,46,64,10087
401000,1,51,64,10106
402000,1,57,64,10127
403000,1,29,64,10147
404000,1,35,64,10164
405000,1,40,64,10181
406000,1,46,64,10200
407000,1,51,64,10219
408000,1,57,64,10240
409000,1,29,64,10258
410000,1,35,64,10274
411000,1,40,64,10291
412000,1,45,64,10311
413000,1,51,64,10327
414000,1,56,64,10344
415000,1,29,64,10363
416000,1,34,64,10382
417000,1,40,64,10400
418000,1,45,64,10417
419000,1,51,64,10440
420000,1,56,64,10460
421000,1,29,64,10481
422000,1,35,64,10500
423000,1,40,64,10520
424000,1,45,64,10543
425000,1,51,64,10565
426000,1,56,64,10585
427000,1,29,64,10606
428000,1,34,64,10624
429000,1,40,64,10641
430000,1,45,64,10658
431000,1,51,64,10677
432000,1,56,64,10697
433000,1,29,64,10717
434000,1,35,64,10733
435000,1,40,64,10750
436000,1,45,64,10769
437000,1,51,64,10786
438000,1,56,64,10803
439000,1,29,64,10824
440000,1,35,64,10842
441000,1,40,64,10860
442000,1,45,64,10878
443000,1,51,64,10895
444000,1,56,64,10912
445000,1,29,64,10931
446000,1,35,64,10948
447000,1,40,64,10968
448000,1,45,64,10986
449000,1,51,64,11004
450000,1,56,64,11021
451000,1,29,64,11042
452000,1,35,64,11062
453000,1,40,64,11082
454000,1,46,64,11102
455000,1,51,64,11123
456000,1,56,64,11143
457000,1,29,64,11163
458000,1,35,64,11182
459000,1,40,64,11201
460000,1,46,64,11222
461000,1,51,64,11241
462000,1,56,64,11261
463000,1,29,64,11281
464000,1,35,64,11301
465000,1,40,64,11321
466000,1,46,64,11342
467000,1,51,64,11361
468000,1,56,64,11381
469000,1,29,64,11403
470000,1,35,64,11424
471000,1,40,64,11446
472000,1,46,64,11466
473000,1,51,64,11484
474000,1,57,64,11501
475000,1,29,64,11518
476000,1,35,64,11538
477000,1,40,64,11558
478000,1,46,64,11576
479000,1,51,64,11592
480000,1,56,64,11609
481000,1,29,64,11633
482000,1,35,64,11651
483000,1,40,64,11669
484000,1,46,64,11687
485000,1,51,64,11703
486000,1,57,64,11719
487000,1,29,64,11736
488000,1,35,64,11754
489000,1,40,64,11772
490000,1,46,64,11787
491000,1,51,64,11804
492000,1,57,64,11820
493000,1,29,64,11838
494000,1,35,64,11855
495000,1,40,64,11871
496000,1,46,64,11887
497000,1,51,64,11905
498000,1,57,64,11923
499000,1,30,64,11943
500000,1,35,64,11959
501000,1,41,64,11975
502000,1,46,64,11993
503000,1,51,64,12011
504000,1,57,64,12030
505000,1,29,64,12050
506000,1,35,64,12066
507000,1,40,64,12087
508000,1,46,64,12113
509000,1,51,64,12139
510000,1,56,64,12160
511000,1,30,64,12180
512000,1,35,64,12198
513000,1,41,64,12216
514000,1,46,64,12234
515000,1,51,64,12252
516000,1,57,64,12269
517000,1,29,64,12286
518000,1,34,64,12303
519000,1,40,64,12324
520000,1,45,64,12342
521000,1,51,64,12359
522000,1,56,64,12376
523000,1,29,64,12396
524000,1,35,64,12414
525000,1,40,64,12435
526000,1,46,64,12455
527000,1,51,64,12475
528000,1,56,64,12493
529000,1,29,64,12512
530000,1,35,64,12528
531000,1,40,64,12545
532000,1,45,64,12561
533000,1,51,64,12578
534000,1,56,64,12596
535000,1,30,64,12615
536000,1,35,64,12631
537000,1,40,64,12648
538000,1,46,64,12663
539000,1,51,64,12681
540000,1,56,64,12698
541000,1,29,64,12715
542000,1,35,64,12731
543000,1,40,64,12748
544000,1,45,64,12764
545000,1,51,64,12780
546000,1,56,64,12795
547000,1,30,64,12813
548000,1,35,64,12829
549000,1,40,64,12844
550000,1,46,64,12859
551000,1,51,64,12876
552000,1,56,64,12892
553000,1,29,64,12910
554000,1,35,64,12928
555000,1,40,64,12945
556000,1,45,64,12961
557000,1,51,64,12976
558000,1,56,64,12992
559000,1,30,64,13009
560000,1,35,64,13024
561000,1,40,64,13042
562000,1,45,64,13058
563000,1,51,64,13074
564000,1,56,64,13091
565000,1,30,64,13113
566000,1,35,64,13136
567000,1,40,64,13153
568000,1,46,64,13170
569000,1,51,64,13187
570000,1,56,64,13204
571000,1,29,64,13222
572000,1,35,64,13240
573000,1,40,64,13257
574000,1,46,64,13275
575000,1,51,64,13293
576000,1,56,64,13310
577000,1,29,64,13330
578000,1,35,64,13350
579000,1,40,64,13367
580000,1,46,64,13385
581000,1,51,64,13402
582000,1,56,64,13421
583000,1,29,64,13446
584000,1,35,64,13467
585000,1,40,64,13485
586000,1,46,64,13503
587000,1,51,64,13520
588000,1,56,64,13539
589000,1,29,64,13557
590000,1,35,64,13576
591000,1,40,64,13593
592000,1,46,64,13610
593000,1,51,64,13625
594000,1,56,64,13642
595000,1,29,64,13664
596000,1,35,64,13692
597000,1,40,64,13710
598000,1,46,64,13727
599000,1,51,64,13744
600000,1,56,64,13762
601000,1,29,64,13780
602000,1,35,64,13796
603000,1,40,64,13813
604000,1,46,64,13828
605000,1,51,64,13844
606000,1,57,64,13859
607000,1,29,64,13879
608000,1,35,64,13894
609000,1,40,64,13911
610000,1,46,64,13927
611000,1,51,64,13942
612000,1,57,64,13959
613000,1,29,64,13976
614000,1,35,64,13991
615000,1,40,64,14007
616000,1,46,64,14024
617000,1,51,64,14040
618000,1,57,64,14057
619000,1,30,64,14075
620000,1,35,64,14092
621000,1,40,64,14110
622000,1,46,64,14128
623000,1,51,64,14144
624000,1,57,64,14160
625000,1,30,64,14179
626000,1,35,64,14196
627000,1,41,64,14215
628000,1,46,64,14230
629000,1,51,64,14246
630000,1,57,64,14262
631000,1,30,64,14280
632000,1,34,64,14296
633000,1,40,64,14314
634000,1,45,64,14331
635000,1,51,64,14347
636000,1,56,64,14366
637000,1,29,64,14391
638000,1,35,64,14410
639000,1,40,64,14430
640000,1,46,64,14449
641000,1,51,64,14468
642000,1,56,64,14486
643000,1,29,64,14505
644000,1,35,64,14521
645000,1,40,64,14538
646000,1,46,64,14561
647000,1,51,64,14580
648000,1,56,64,14595
649000,1,30,64,14612
650000,1,35,64,14629
651000,1,40,64,14647
652000,1,45,64,14664
653000,1,51,64,14681
654000,1,56,64,14697
655000,1,29,64,14715
656000,1,35,64,14731
657000,1,40,64,14747
658000,1,45,64,14763
659000,1,51,64,14780
660000,1,56,64,14797
661000,1,29,64,14813
662000,1,34,64,14829
663000,1,40,64,14846
664000,1,45,64,14863
665000,1,51,64,14879
666000,1,56,64,14900
667000,1,29,64,14922
668000,1,35,64,14943
669000,1,40,64,14961
670000,1,45,64,14978
671000,1,51,64,14995
672000,1,56,64,15013
673000,1,30,64,15032
674000,1,35,64,15049
675000,1,40,64,15068
676000,1,46,64,15087
677000,1,51,64,15105
678000,1,57,64,15122
679000,1,30,64,15139
680000,1,35,64,15157
681000,1,40,64,15194
682000,1,46,64,15216
683000,1,51,64,15235
684000,1,56,64,15253
685000,1,29,64,15273
686000,1,35,64,15294
687000,1,40,64,15312
688000,1,45,64,15330
689000,1,51,64,15350
690000,1,56,64,15367
691000,1,29,64,15386
692000,1,35,64,15403
693000,1,40,64,15422
694000,1,45,64,15444
695000,1,51,64,15463
696000,1,56,64,15484
697000,1,30,64,15503
698000,1,35,64,15521
699000,1,40,64,15539
700000,1,46,64,15555
701000,1,51,64,15575
702000,1,57,64,15597
703000,1,29,64,15617
704000,1,35,64,15634
705000,1,40,64,15653
706000,1,45,64,15675
707000,1,51,64,15694
708000,1,56,64,15712
709000,1,30,64,15732
710000,1,35,64,15749
711000,1,41,64,15765
712000,1,46,64,15782
713000,1,51,64,15801
714000,1,57,64,15818
715000,1,29,64,15836
716000,1,35,64,15854
717000,1,40,64,15872
718000,1,45,64,15888
719000,1,51,64,15904
720000,1,56,64,15921
721000,1,29,64,15939
722000,1,35,64,15966
723000,1,40,64,16034
724000,1,46,64,16069
725000,1,51,64,16107
726000,1,56,64,16147
727000,1,29,64,16181
728000,1,35,64,16210
729000,1,40,64,16236
730000,1,46,64,16286
731000,1,51,64,16333
732000,1,56,64,16370
733000,1,29,64,16406
734000,1,35,64,16453
735000,1,40,64,16554
736000,1,46,64,16608
737000,1,51,64,16632
738000,1,57,64,16654
739000,1,30,64,16681
740000,1,35,64,16707
741000,1,40,64,16728
742000,1,46,64,16744
743000,1,51,64,16761
744000,1,57,64,16778
745000,1,30,64,16797
746000,1,35,64,16817
747000,1,40,64,16834
748000,1,46,64,16850
749000,1,51,64,16867
750000,1,57,64,16886
751000,1,29,64,16909
752000,1,35,64,16927
753000,1,40,64,16942
754000,1,46,64,16959
755000,1,51,64,16976
756000,1,56,64,16995
757000,1,29,64,17013
758000,1,35,64,17030
759000,1,40,64,17048
760000,1,46,64,17068
761000,1,51,64,17087
762000,1,56,64,17104
763000,1,29,64,17123
764000,1,35,64,17139
765000,1,40,64,17159
766000,1,46,64,17176
767000,1,51,64,17195
768000,1,56,64,17213
769000,1,29,64,17229
770000,1,35,64,17246
771000,1,40,64,17265
772000,1,46,64,17280
773000,1,51,64,17297
774000,1,56,64,17313
775000,1,29,64,17332
776000,1,35,64,17351
777000,1,40,64,17368
778000,1,45,64,17385
779000,1,51,64,17403
780000,1,56,64,17420
781000,1,29,64,17449
782000,1,35,64,17470
783000,1,40,64,17489
784000,1,45,64,17514
785000,1,51,64,17535
786000,1,56,64,17554
787000,1,30,64,17572
788000,1,35,64,17590
789000,1,40,64,17615
790000,1,46,64,17636
791000,1,51,64,17657
792000,1,56,64,17673
793000,1,29,64,17691
794000,1,35,64,17710
795000,1,40,64,17727
796000,1,46,64,17746
797000,1,51,64,17765
798000,1,56,64,17782
799000,1,29,64,17800
800000,1,35,64,17817
801000,1,40,64,17834
802000,1,45,64,17852
803000,1,51,64,17868
804000,1,56,64,17884
805000,1,29,64,17906
806000,1,35,64,17923
807000,1,40,64,17942
808000,1,46,64,17964
809000,1,51,64,17984
810000,1,56,64,18007
811000,1,29,64,18029
812000,1,35,64,18047
813000,1,40,64,18066
814000,1,46,64,18088
815000,1,51,64,18111
816000,1,57,64,18149
817000,1,29,64,18170
818000,1,35,64,18189
819000,1,40,64,18212
820000,1,46,64,18231
821000,1,51,64,18256
822000,1,56,64,18274
823000,1,29,64,18294
824000,1,35,64,18315
825000,1,40,64,18335
826000,1,46,64,18355
827000,1,51,64,18376
828000,1,57,64,18395
829000,1,29,64,18414
830000,1,35,64,18436
831000,1,40,64,18457
832000,1,46,64,18478
833000,1,51,64,18497
834000,1,57,64,18513
835000,1,29,64,18530
836000,1,35,64,18550
837000,1,40,64,18567
838000,1,46,64,18584
839000,1,51,64,18601
840000,1,56,64,18618
841000,1,29,64,18635
842000,1,35,64,18651
843000,1,40,64,18667
844000,1,46,64,18682
845000,1,51,64,18697
846000,1,56,64,18713
847000,1,29,64,18730
848000,1,35,64,18747
849000,1,40,64,18763
850000,1,46,64,18779
851000,1,51,64,18794
852000,1,57,64,18812
853000,1,30,64,18832
854000,1,35,64,18847
855000,1,40,64,18863
856000,1,46,64,18880
857000,1,51,64,18896
858000,1,57,64,18920
859000,1,30,64,18943
860000,1,35,64,18960
861000,1,40,64,18978
862000,1,46,64,18996
863000,1,51,64,19015
864000,1,57,64,19034
865000,1,30,64,19050
866000,1,35,64,19066
867000,1,40,64,19083
868000,1,46,64,19099
869000,1,51,64,19117
870000,1,57,64,19135
871000,1,29,64,19155
872000,1,35,64,19172
873000,1,40,64,19189
874000,1,46,64,19205
875000,1,51,64,19227
876000,1,56,64,19245
877000,1,29,64,19262
878000,1,35,64,19280
879000,1,40,64,19298
880000,1,46,64,19315
881000,1,51,64,19334
882000,1,56,64,19354
883000,1,30,64,19373
884000,1,34,64,19389
885000,1,40,64,19404
886000,1,46,64,19420
887000,1,51,64,19447
888000,1,56,64,19468
889000,1,29,64,19491
890000,1,35,64,19513
891000,1,40,64,19534
892000,1,46,64,19555
893000,1,51,64,19573
894000,1,57,64,19592
895000,1,30,64,19614
896000,1,35,64,19632
897000,1,40,64,19650
898000,1,46,64,19667
899000,1,51,64,19684
900000,1,56,64,19702
901000,1,29,64,19719
902000,1,35,64,19735
903000,1,40,64,19752
904000,1,45,64,19769
905000,1,51,64,19784
906000,1,56,64,19800
907000,1,29,64,19817
908000,1,35,64,19834
909000,1,40,64,19853
910000,1,46,64,19871
911000,1,51,64,19887
912000,1,56,64,19905
913000,1,29,64,19922
914000,1,35,64,19940
915000,1,40,64,19957
916000,1,45,64,19975
917000,1,51,64,19991
918000,1,57,64,20007
919000,1,30,64,20024
920000,1,35,64,20044
921000,1,40,64,20064
922000,1,46,64,20081
923000,1,51,64,20100
924000,1,56,64,20121
925000,1,29,64,20143
926000,1,35,64,20162
927000,1,40,64,20181
928000,1,46,64,20197
929000,1,51,64,20214
930000,1,56,64,20232
931000,1,29,64,20251
932000,1,35,64,20274
933000,1,40,64,20293
934000,1,46,64,20311
935000,1,51,64,20330
936000,1,57,64,20349
937000,1,30,64,20369
938000,1,35,64,20388
939000,1,41,64,20408
940000,1,46,64,20425
941000,1,51,64,20446
942000,1,57,64,20466
943000,1,29,64,20486
944000,1,35,64,20503
945000,1,40,64,20522
946000,1,46,64,20541
947000,1,51,64,20557
948000,1,57,64,20572
949000,1,30,64,20589
950000,1,35,64,20608
951000,1,41,64,20625
952000,1,46,64,20641
953000,1,51,64,20656
954000,1,57,64,20675
955000,1,29,64,20692
956000,1,35,64,20708
957000,1,40,64,20731
958000,1,46,64,20754
959000,1,51,64,20782
960000,1,57,64,20803
961000,1,30,64,20821
962000,1,35,64,20838
963000,1,41,64,20854
964000,1,46,64,20872
965000,1,51,64,20887
966000,1,57,64,20902
967000,1,29,64,20919
968000,1,35,64,20935
969000,1,40,64,20952
970000,1,46,64,20970
971000,1,51,64,20988
972000,1,57,64,21004
973000,1,30,64,21022
974000,1,35,64,21040
975000,1,41,64,21242
976000,1,46,64,21323
977000,1,52,64,21345
978000,1,57,64,21365
979000,1,29,64,21403
980000,1,35,64,21423
981000,1,40,64,21458
982000,1,46,64,21479
983000,1,51,64,21502
984000,1,56,64,21521
985000,1,29,64,21541
986000,1,35,64,21560
987000,1,40,64,21578
988000,1,45,64,21595
989000,1,51,64,21614
990000,1,56,64,21632
991000,1,30,64,21650
992000,1,35,64,21684
993000,1,40,64,21719
994000,1,46,64,21736
995000,1,51,64,21761
996000,1,57,64,21792
997000,1,30,64,21825
998000,1,35,64,21849
999000,1,40,64,21875
1000000,1,46,64,21894
1001000,1,51,64,21911
1002000,1,56,64,21927
1003000,1,29,64,21947
1004000,1,34,64,21966
1005000,1,40,64,21982
1006000,1,45,64,22000
1007000,1,51,64,22033
1008000,1,56,64,22051
1009000,1,29,64,22075
1010000,1,35,64,22094
1011000,1,40,64,22128
1012000,1,46,64,22154
1013000,1,51,64,22174
1014000,1,56,64,22192
1015000,1,30,64,22209
1016000,1,35,64,22225
1017000,1,40,64,22241
1018000,1,46,64,22260
1019000,1,51,64,22279
1020000,1,56,64,22295
1021000,1,30,64,22311
1022000,1,35,64,22329
1023000,1,40,64,22346
1024000,1,46,64,22365
1025000,1,51,64,22383
1026000,1,57,64,22400
1027000,1,30,64,22420
1028000,1,35,64,22444
1029000,1,40,64,22462
1030000,1,46,64,22482
1031000,1,51,64,22500
1032000,1,56,64,22519
1033000,1,29,64,22537
1034000,1,35,64,22554
1035000,1,40,64,22575
1036000,1,46,64,22593
1037000,1,51,64,22610
1038000,1,56,64,22630
1039000,1,29,64,22654
1040000,1,34,64,22671
1041000,1,40,64,22691
1042000,1,45,64,22709
1043000,1,51,64,22727
1044000,1,56,64,22746
1045000,1,29,64,22765
1046000,1,35,64,22783
1047000,1,40,64,22800
1048000,1,46,64,22817
1049000,1,51,64,22835
1050000,1,56,64,22859
1051000,1,29,64,22880
1052000,1,35,64,22900
1053000,1,40,64,22919
1054000,1,46,64,22936
1055000,1,51,64,22955
1056000,1,57,64,22980
1057000,1,29,64,23004
1058000,1,35,64,23024
1059000,1,40,64,23043
1060000,1,46,64,23063
1061000,1,51,64,23085
1062000,1,56,64,23107
1063000,1,29,64,23132
1064000,1,35,64,23151
1065000,1,40,64,23171
1066000,1,46,64,23193
1067000,1,51,64,23209
1068000,1,56,64,23232
1069000,1,29,64,23249
1070000,1,35,64,23266
1071000,1,40,64,23283
1072000,1,46,64,23300
1073000,1,51,64,23317
1074000,1,56,64,23334
1075000,1,29,64,23352
1076000,1,35,64,23368
1077000,1,40,64,23387
1078000,1,46,64,23406
1079000,1,51,64,23424
1080000,1,56,64,23444
1081000,1,29,64,23461
1082000,1,35,64,23477
1083000,1,40,64,23493
1084000,1,46,64,23508
1085000,1,51,64,23525
1086000,1,56,64,23542
1087000,1,29,64,23562
1088000,1,35,64,23578
1089000,1,41,64,23599
1090000,1,46,64,23618
1091000,1,51,64,23635
1092000,1,56,64,23650
1093000,1,29,64,23668
1094000,1,35,64,23687
1095000,1,40,64,23705
1096000,1,46,64,23724
1097000,1,51,64,23757
1098000,1,57,64,23776
1099000,1,30,64,23796
1100000,1,35,64,23813
1101000,1,40,64,23830
1102000,1,46,64,23845
1103000,1,51,64,23862
1104000,1,56,64,23878
1105000,1,29,64,23897
1106000,1,35,64,23914
1107000,1,40,64,23929
1108000,1,45,64,23945
1109000,1,51,64,23963
1110000,1,56,64,23979
1111000,1,30,64,23999
1112000,1,35,64,24017
1113000,1,41,64,24032
1114000,1,46,64,24049
1115000,1,51,64,24067
1116000,1,57,64,24084
1117000,1,30,64,24101
1118000,1,35,64,24120
1119000,1,40,64,24135
1120000,1,46,64,24151
1121000,1,51,64,24168
1122000,1,56,64,24188
1123000,1,29,64,24207
1124000,1,35,64,24225
1125000,1,40,64,24244
1126000,1,45,64,24261
1127000,1,51,64,24277
1128000,1,56,64,24292
1129000,1,29,64,24311
1130000,1,35,64,24327
1131000,1,40,64,24342
1132000,1,45,64,24358
1133000,1,51,64,24375
1134000,1,56,64,24391
1135000,1,30,64,24409
1136000,1,35,64,24426
1137000,1,40,64,24453
1138000,1,46,64,24472
1139000,1,51,64,24490
1140000,1,56,64,24511
1141000,1,29,64,24530
1142000,1,35,64,24547
1143000,1,40,64,24566
1144000,1,45,64,24582
1145000,1,51,64,24610
1146000,1,56,64,24628
1147000,1,29,64,24645
1148000,1,34,64,24662
1149000,1,40,64,24684
1150000,1,45,64,24703
1151000,1,51,64,24721
1152000,1,56,64,24738
1153000,1,29,64,24758
1154000,1,35,64,24776
1155000,1,40,64,24792
1156000,1,46,64,24816
1157000,1,51,64,24834
1158000,1,56,64,24849
1159000,1,30,64,24868
1160000,1,35,64,24888
1161000,1,40,64,24906
1162000,1,46,64,24924
1163000,1,51,64,24942
1164000,1,57,64,24959
1165000,1,30,64,24977
1166000,1,35,64,24994
1167000,1,40,64,25012
1168000,1,46,64,25033
1169000,1,51,64,25052
1170000,1,57,64,25071
1171000,1,30,64,25092
1172000,1,35,64,25110
1173000,1,40,64,25130
1174000,1,46,64,25149
1175000,1,51,64,25167
1176000,1,57,64,25185
1177000,1,29,64,25204
1178000,1,35,64,25225
1179000,1,40,64,25245
1180000,1,46,64,25266
1181000,1,51,64,25284
1182000,1,57,64,25301
1183000,1,30,64,25320
1184000,1,35,64,25338
1185000,1,40,64,25358
1186000,1,46,64,25379
1187000,1,51,64,25396
1188000,1,57,64,25417
1189000,1,30,64,25441
1190000,1,35,64,25462
1191000,1,40,64,25480
1192000,1,46,64,25497
1193000,1,51,64,25513
1194000,1,57,64,25531
1195000,1,30,64,25547
1196000,1,35,64,25562
1197000,1,40,64,25578
1198000,1,46,64,25594
1199000,1,51,64,25610
1200000,1,57,64,25626
1201000,1,29,64,25643
1202000,1,35,64,25659
1203000,1,40,64,25673
1204000,1,46,64,25688
1205000,1,51,64,25705
1206000,1,57,64,25722
1207000,1,30,64,25741
1208000,1,35,64,25757
1209000,1,40,64,25773
1210000,1,46,64,25788
1211000,1,51,64,25803
1212000,1,57,64,25819
1213000,1,30,64,25837
1214000,1,35,64,25855
1215000,1,40,64,25871
1216000,1,46,64,25886
1217000,1,51,64,25902
1218000,1,57,64,25919
1219000,1,30,64,25935
1220000,1,35,64,25951
1221000,1,40,64,25966
1222000,1,46,64,25982
1223000,1,51,64,25998
1224000,1,57,64,26014
1225000,1,29,64,26032
1226000,1,35,64,26049
1227000,1,40,64,26065
1228000,1,46,64,26081
1229000,1,51,64,26097
1230000,1,56,64,26114
1231000,1,29,64,26136
1232000,1,35,64,26153
1233000,1,40,64,26172
1234000,1,45,64,26188
1235000,1,51,64,26203
1236000,1,56,64,26219
1237000,1,30,64,26239
1238000,1,35,64,26255
1239000,1,40,64,26271
1240000,1,46,64,26288
1241000,1,51,64,26303
1242000,1,56,64,26318
1243000,1,30,64,26337
1244000,1,35,64,26355
1245000,1,40,64,26370
1246000,1,46,64,26386
1247000,1,51,64,26402
1248000,1,57,64,26418
1249000,1,29,64,26443
1250000,1,35,64,26468
1251000,1,40,64,26491
1252000,1,45,64,26509
1253000,1,51,64,26528
1254000,1,56,64,26552
1255000,1,29,64,26574
1256000,1,35,64,26596
1257000,1,40,64,26615
1258000,1,45,64,26642
1259000,1,51,64,26661
1260000,1,56,64,26679
1261000,1,29,64,26696
1262000,1,35,64,26712
1263000,1,40,64,26730
1264000,1,46,64,26748
1265000,1,51,64,26764
1266000,1,56,64,26780
1267000,1,30,64,26797
1268000,1,35,64,26817
1269000,1,40,64,26833
1270000,1,46,64,26850
1271000,1,51,64,26866
1272000,1,57,64,26883
1273000,1,29,64,26899
1274000,1,35,64,26916
1275000,1,40,64,26934
1276000,1,46,64,26953
1277000,1,51,64,26971
1278000,1,56,64,26992
1279000,1,29,64,27012
1280000,1,35,64,27031
1281000,1,40,64,27049
1282000,1,45,64,27066
1283000,1,51,64,27084
1284000,1,56,64,27101
1285000,1,30,64,27121
1286000,1,35,64,27143
1287000,1,40,64,27163
1288000,1,46,64,27181
1289000,1,51,64,27198
1290000,1,57,64,27215
1291000,1,30,64,27237
1292000,1,35,64,27255
1293000,1,40,64,27274
1294000,1,46,64,27292
1295000,1,51,64,27308
1296000,1,57,64,27326
1297000,1,30,64,27348
1298000,1,35,64,27369
1299000,1,40,64,27388
1300000,1,46,64,27405
1301000,1,51,64,27422
1302000,1,57,64,27443
1303000,1,30,64,27459
1304000,1,35,64,27478
1305000,1,40,64,27495
1306000,1,46,64,27511
1307000,1,51,64,27526
1308000,1,57,64,27546
1309000,1,30,64,27567
1310000,1,35,64,27583
1311000,1,40,64,27598
1312000,1,46,64,27613
1313000,1,51,64,27632
1314000,1,57,64,27653
1315000,1,30,64,27669
1316000,1,35,64,27685
1317000,1,40,64,27706
1318000,1,46,64,27731
1319000,1,51,64,27758
1320000,1,57,64,27773
1321000,1,30,64,27788
1322000,1,35,64,27804
1323000,1,40,64,27823
1324000,1,46,64,27838
1325000,1,51,64,27857
1326000,1,57,64,27874
1327000,1,30,64,27890
1328000,1,35,64,27906
1329000,1,41,64,27921
1330000,1,46,64,27936
1331000,1,51,64,27951
1332000,1,57,64,27971
1333000,1,30,64,27988
1334000,1,35,64,28005
1335000,1,40,64,28021
1336000,1,46,64,28038
1337000,1,51,64,28053
1338000,1,57,64,28068
1339000,1,30,64,28087
1340000,1,35,64,28106
1341000,1,40,64,28127
1342000,1,46,64,28148
1343000,1,51,64,28164
1344000,1,57,64,28179
1345000,1,29,64,28197
1346000,1,35,64,28213
1347000,1,40,64,28232
1348000,1,46,64,28251
1349000,1,51,64,28266
1350000,1,56,64,28282
1351000,1,29,64,28299
1352000,1,35,64,28315
1353000,1,40,64,28332
1354000,1,46,64,28348
1355000,1,51,64,28365
1356000,1,56,64,28381
1357000,1,29,64,28397
1358000,1,34,64,28412
1359000,1,40,64,28435
1360000,1,45,64,28462
1361000,1,50,64,28486
1362000,1,56,64,28504
1363000,1,29,64,28522
1364000,1,35,64,28544
1365000,1,40,64,28563
1366000,1,45,64,28583
1367000,1,51,64,28600
1368000,1,56,64,28618
1369000,1,29,64,28638
1370000,1,35,64,28657
1371000,1,40,64,28682
1372000,1,45,64,28709
1373000,1,51,64,28725
1374000,1,56,64,28741
1375000,1,30,64,28758
1376000,1,35,64,28773
1377000,1,40,64,28789
1378000,1,46,64,28804
1379000,1,51,64,28819
1380000,1,56,64,28833
1381000,1,29,64,28854
1382000,1,35,64,28874
1383000,1,40,64,28890
1384000,1,45,64,28906
1385000,1,51,64,28923
1386000,1,56,64,28939
1387000,1,29,64,28957
1388000,1,35,64,28979
1389000,1,40,64,28994
1390000,1,45,64,29014
1391000,1,51,64,29033
1392000,1,56,64,29059
1393000,1,29,64,29079
1394000,1,35,64,29095
1395000,1,40,64,29114
1396000,1,46,64,29132
1397000,1,51,64,29155
1398000,1,56,64,29173
1399000,1,30,64,29191
1400000,1,35,64,29208
1401000,1,41,64,29225
1402000,1,46,64,29243
1403000,1,51,64,29260
1404000,1,57,64,29289
1405000,1,30,64,29314
1406000,1,35,64,29334
1407000,1,40,64,29354
1408000,1,46,64,29372
1409000,1,51,64,29390
1410000,1,57,64,29412
1411000,1,30,64,29435
1412000,1,35,64,29455
1413000,1,41,64,29474
1414000,1,46,64,29492
1415000,1,51,64,29510
1416000,1,57,64,29528
1417000,1,30,64,29546
1418000,1,35,64,29564
1419000,1,40,64,29580
1420000,1,46,64,29595
1421000,1,51,64,29611
1422000,1,57,64,29628
1423000,1,30,64,29645
1424000,1,35,64,29660
1425000,1,40,64,29676
1426000,1,46,64,29695
1427000,1,51,64,29712
1428000,1,57,64,29728
1429000,1,30,64,29745
1430000,1,35,64,29763
1431000,1,40,64,29780
1432000,1,46,64,29796
1433000,1,51,64,29812
1434000,1,57,64,29828
1435000,1,30,64,29845
1436000,1,35,64,29860
1437000,1,40,64,29880
1438000,1,46,64,29896
1439000,1,51,64,29912
1440000,1,57,64,29928
1441000,1,30,64,29944
1442000,1,35,64,29961
1443000,1,40,64,29980
1444000,1,46,64,29997
1445000,1,51,64,30013
1446000,1,57,64,30029
1447000,1,30,64,30047
1448000,1,35,64,30064
1449000,1,41,64,30083
1450000,1,46,64,30099
1451000,1,51,64,30117
1452000,1,57,64,30136
1453000,1,30,64,30154
1454000,1,35,64,30171
1455000,1,41,64,30186
1456000,1,46,64,30203
1457000,1,51,64,30220
1458000,1,57,64,30238
1459000,1,30,64,30256
1460000,1,35,64,30275
1461000,1,40,64,30291
1462000,1,46,64,30308
1463000,1,51,64,30326
1464000,1,56,64,30342
1465000,1,29,64,30360
1466000,1,35,64,30379
1467000,1,40,64,30396
1468000,1,46,64,30413
1469000,1,51,64,30432
1470000,1,56,64,30451
1471000,1,29,64,30469
1472000,1,35,64,30487
1473000,1,40,64,30506
1474000,1,45,64,30525
1475000,1,51,64,30542
1476000,1,56,64,30559
1477000,1,29,64,30578
1478000,1,35,64,30599
1479000,1,40,64,30616
1480000,1,46,64,30634
1481000,1,51,64,30651
1482000,1,56,64,30667
1483000,1,30,64,30684
1484000,1,35,64,30702
1485000,1,40,64,30719
1486000,1,46,64,30737
1487000,1,51,64,30752
1488000,1,56,64,30768
1489000,1,29,64,30785
1490000,1,35,64,30801
1491000,1,41,64,30817
1492000,1,46,64,30833
1493000,1,51,64,30850
1494000,1,56,64,30865
1495000,1,29,64,30882
1496000,1,34,64,30898
1497000,1,40,64,30917
1498000,1,45,64,30934
1499000,1,51,64,30951
1500000,1,56,64,30968
1501000,1,29,64,30985
1502000,1,35,64,31001
1503000,1,40,64,31018
1504000,1,46,64,31034
1505000,1,51,64,31049
1506000,1,56,64,31064
1507000,1,30,64,31081
1508000,1,35,64,31097
1509000,1,40,64,31115
1510000,1,46,64,31135
1511000,1,51,64,31152
1512000,1,57,64,31168
1513000,1,29,64,31185
1514000,1,35,64,31203
1515000,1,40,64,31228
1516000,1,46,64,31249
1517000,1,51,64,31268
1518000,1,56,64,31296
1519000,1,29,64,31325
1520000,1,35,64,31347
1521000,1,40,64,31365
1522000,1,45,64,31384
1523000,1,51,64,31405
1524000,1,56,64,31427
1525000,1,30,64,31458
1526000,1,35,64,31480
1527000,1,41,64,31501
1528000,1,46,64,31521
1529000,1,51,64,31539
1530000,1,57,64,31559
1531000,1,30,64,31583
1532000,1,35,64,31603
1533000,1,40,64,31622
1534000,1,46,64,31642
1535000,1,51,64,31663
1536000,1,57,64,31683
1537000,1,30,64,31702
1538000,1,35,64,31721
1539000,1,41,64,31739
1540000,1,46,64,31757
1541000,1,51,64,31775
1542000,1,57,64,31794
1543000,1,30,64,31814
1544000,1,35,64,31830
1545000,1,40,64,31847
1546000,1,46,64,31863
1547000,1,51,64,31885
1548000,1,57,64,31912
1549000,1,30,64,31933
1550000,1,35,64,31949
1551000,1,41,64,31966
1552000,1,46,64,31981
1553000,1,51,64,32003
1554000,1,57,64,32033
1555000,1,30,64,32051
1556000,1,35,64,32068
1557000,1,41,64,32085
1558000,1,46,64,32109
1559000,1,51,64,32135
1560000,1,57,64,32157
1561000,1,30,64,32177
1562000,1,35,64,32195
1563000,1,41,64,32213
1564000,1,46,64,32230
1565000,1,51,64,32246
1566000,1,57,64,32267
1567000,1,30,64,32295
1568000,1,35,64,32324
1569000,1,41,64,32348
1570000,1,46,64,32376
1571000,1,51,64,32415
1572000,1,57,64,32463
1573000,1,29,64,32525
1574000,1,35,64,32546
1575000,1,40,64,32575
1576000,1,45,64,32598
1577000,1,51,64,32616
1578000,1,56,64,32635
1579000,1,29,64,32652
1580000,1,34,64,32669
1581000,1,40,64,32693
1582000,1,45,64,32713
1583000,1,51,64,32744
1584000,1,56,64,32764
1585000,1,29,64,32783
1586000,1,35,64,32807
1587000,1,40,64,32840
1588000,1,46,64,32864
1589000,1,51,64,32899
1590000,1,56,64,32942
1591000,1,30,64,32972
1592000,1,35,64,32990
1593000,1,40,64,33013
1594000,1,46,64,33043
1595000,1,51,64,33062
1596000,1,56,64,33079
1597000,1,29,64,33107
1598000,1,34,64,33138
1599000,1,40,64,33163
1600000,1,45,64,33180
1601000,1,50,64,33198
1602000,1,56,64,33215
1603000,1,29,64,33232
1604000,1,34,64,33249
1605000,1,40,64,33265
1606000,1,45,64,33280
1607000,1,51,64,33295
1608000,1,56,64,33311
1609000,1,29,64,33341
1610000,1,35,64,33358
1611000,1,40,64,33374
1612000,1,45,64,33390
1613000,1,51,64,33407
1614000,1,56,64,33424
1615000,1,30,64,33451
1616000,1,35,64,33471
1617000,1,40,64,33490
1618000,1,46,64,33508
1619000,1,51,64,33526
1620000,1,56,64,33543
1621000,1,29,64,33565
1622000,1,35,64,33582
1623000,1,40,64,33601
1624000,1,46,64,33618
1625000,1,51,64,33636
1626000,1,56,64,33657
1627000,1,29,64,33680
1628000,1,35,64,33709
1629000,1,40,64,33729
1630000,1,45,64,33747
1631000,1,51,64,33766
1632000,1,56,64,33785
1633000,1,29,64,33807
1634000,1,35,64,33827
1635000,1,40,64,33848
1636000,1,46,64,33868
1637000,1,51,64,33885
1638000,1,56,64,33907
1639000,1,30,64,33928
1640000,1,35,64,33951
1641000,1,41,64,33976
1642000,1,46,64,33994
1643000,1,51,64,34012
1644000,1,57,64,34032
1645000,1,29,64,34051
1646000,1,35,64,34070
1647000,1,40,64,34088
1648000,1,46,64,34108
1649000,1,51,64,34127
1650000,1,56,64,34150
1651000,1,30,64,34172
1652000,1,35,64,34191
1653000,1,41,64,34210
1654000,1,46,64,34229
1655000,1,51,64,34246
1656000,1,57,64,34262
1657000,1,30,64,34280
1658000,1,35,64,34297
1659000,1,41,64,34323
1660000,1,46,64,34344
1661000,1,51,64,34361
1662000,1,57,64,34378
1663000,1,30,64,34395
1664000,1,35,64,34411
1665000,1,41,64,34431
1666000,1,46,64,34450
1667000,1,51,64,34466
1668000,1,57,64,34483
1669000,1,30,64,34501
1670000,1,35,64,34516
1671000,1,41,64,34534
1672000,1,46,64,34549
1673000,1,51,64,34566
1674000,1,57,64,34584
1675000,1,30,64,34600
1676000,1,35,64,34615
1677000,1,41,64,34632
1678000,1,46,64,34651
1679000,1,51,64,34676
1680000,1,57,64,34694
1681000,1,30,64,34712
1682000,1,35,64,34727
1683000,1,41,64,34743
1684000,1,46,64,34758
1685000,1,52,64,34775
1686000,1,57,64,34795
1687000,1,30,64,34814
1688000,1,35,64,34830
1689000,1,41,64,34846
1690000,1,46,64,34861
1691000,1,51,64,34880
1692000,1,57,64,34904
1693000,1,29,64,34926
1694000,1,35,64,34944
1695000,1,40,64,34962
1696000,1,45,64,34981
1697000,1,51,64,34999
1698000,1,56,64,35018
1699000,1,30,64,35043
1700000,1,35,64,35066
1701000,1,40,64,35083
1702000,1,46,64,35099
1703000,1,51,64,35116
1704000,1,57,64,35132
1705000,1,29,64,35151
1706000,1,35,64,35168
1707000,1,40,64,35184
1708000,1,46,64,35201
1709000,1,51,64,35216
1710000,1,56,64,35231
1711000,1,29,64,35248
1712000,1,35,64,35264
1713000,1,40,64,35285
1714000,1,45,64,35306
1715000,1,50,64,35326
1716000,1,56,64,35348
1717000,1,29,64,35365
1718000,1,35,64,35381
1719000,1,40,64,35399
1720000,1,45,64,35415
1721000,1,51,64,35433
1722000,1,56,64,35453
1723000,1,30,64,35472
1724000,1,35,64,35490
1725000,1,40,64,35509
1726000,1,46,64,35527
1727000,1,51,64,35544
1728000,1,56,64,35562
1729000,1,29,64,35584
1730000,1,35,64,35600
1731000,1,40,64,35615
1732000,1,46,64,35634
1733000,1,51,64,35651
1734000,1,57,64,35667
1735000,1,29,64,35685
1736000,1,34,64,35703
1737000,1,40,64,35730
1738000,1,45,64,35756
1739000,1,51,64,35781
1740000,1,56,64,35798
1741000,1,29,64,35818
1742000,1,35,64,35841
1743000,1,40,64,35858
1744000,1,45,64,35875
1745000,1,51,64,35891
1746000,1,56,64,35909
1747000,1,30,64,35934
1748000,1,35,64,35952
1749000,1,40,64,35968
1750000,1,46,64,35991
1751000,1,51,64,36011
1752000,1,57,64,36028
1753000,1,29,64,36047
1754000,1,35,64,36063
1755000,1,41,64,36081
1756000,1,46,64,36102
1757000,1,51,64,36126
1758000,1,56,64,36144
1759000,1,29,64,36170
1760000,1,35,64,36188
1761000,1,40,64,36207
1762000,1,46,64,36224
1763000,1,51,64,36250
1764000,1,56,64,36276
1765000,1,30,64,36295
1766000,1,35,64,36314
1767000,1,41,64,36334
1768000,1,46,64,36354
1769000,1,51,64,36374
1770000,1,57,64,36397
1771000,1,29,64,36427
1772000,1,35,64,36451
1773000,1,40,64,36474
1774000,1,46,64,36492
1775000,1,51,64,36507
1776000,1,56,64,36525
1777000,1,30,64,36545
1778000,1,35,64,36562
1779000,1,41,64,36577
1780000,1,46,64,36593
1781000,1,51,64,36610
1782000,1,57,64,36627
1783000,1,30,64,36643
1784000,1,35,64,36669
1785000,1,41,64,36687
1786000,1,46,64,36703
1787000,1,51,64,36720
1788000,1,57,64,36736
1789000,1,30,64,36753
1790000,1,35,64,36770
1791000,1,41,64,36791
1792000,1,46,64,36807
1793000,1,51,64,36822
1794000,1,57,64,36839
1795000,1,29,64,36858
1796000,1,35,64,36874
1797000,1,40,64,36892
1798000,1,46,64,36910
1799000,1,51,64,36927
1800000,1,56,64,36942
1801000,1,29,64,36958
1802000,1,35,64,36973
1803000,1,41,64,36989
1804000,1,46,64,37005
1805000,1,51,64,37022
1806000,1,56,64,37040
1807000,1,29,64,37059
1808000,1,35,64,37074
1809000,1,40,64,37089
1810000,1,46,64,37105
1811000,1,51,64,37122
1812000,1,56,64,37140
1813000,1,30,64,37158
1814000,1,35,64,37174
1815000,1,40,64,37195
1816000,1,46,64,37215
1817000,1,51,64,37233
1818000,1,57,64,37249
1819000,1,29,64,37267
1820000,1,35,64,37284
1821000,1,40,64,37301
1822000,1,46,64,37320
1823000,1,51,64,37350
1824000,1,56,64,37369
1825000,1,29,64,37389
1826000,1,35,64,37404
1827000,1,40,64,37431
1828000,1,46,64,37461
1829000,1,51,64,37484
1830000,1,56,64,37507
1831000,1,30,64,37525
1832000,1,35,64,37546
1833000,1,40,64,37650
1834000,1,46,64,37679
1835000,1,51,64,37700
1836000,1,56,64,37718
1837000,1,29,64,37738
1838000,1,35,64,37757
1839000,1,41,64,37774
1840000,1,45,64,37793
1841000,1,51,64,37814
1842000,1,57,64,37831
1843000,1,29,64,37851
1844000,1,34,64,37868
1845000,1,40,64,37888
1846000,1,45,64,37907
1847000,1,50,64,37923
1848000,1,56,64,37940
1849000,1,29,64,37960
1850000,1,35,64,37975
1851000,1,40,64,37991
1852000,1,45,64,38007
1853000,1,51,64,38023
1854000,1,56,64,38041
1855000,1,29,64,38058
1856000,1,35,64,38074
1857000,1,40,64,38094
1858000,1,46,64,38111
1859000,1,51,64,38129
1860000,1,56,64,38146
1861000,1,30,64,38163
1862000,1,35,64,38181
1863000,1,41,64,38197
1864000,1,46,64,38212
1865000,1,51,64,38231
1866000,1,57,64,38247
1867000,1,29,64,38263
1868000,1,34,64,38280
1869000,1,40,64,38298
1870000,1,45,64,38317
1871000,1,51,64,38335
1872000,1,56,64,38353
1873000,1,29,64,38371
1874000,1,35,64,38389
1875000,1,40,64,38407
1876000,1,46,64,38426
1877000,1,51,64,38450
1878000,1,56,64,38469
1879000,1,30,64,38488
1880000,1,35,64,38506
1881000,1,41,64,38524
1882000,1,46,64,38543
1883000,1,51,64,38560
1884000,1,56,64,38579
1885000,1,29,64,38596
1886000,1,35,64,38613
1887000,1,40,64,38631
1888000,1,46,64,38649
1889000,1,51,64,38670
1890000,1,56,64,38690
1891000,1,29,64,38711
1892000,1,35,64,38730
1893000,1,41,64,38746
1894000,1,46,64,38768
1895000,1,51,64,38792
1896000,1,57,64,38814
1897000,1,29,64,38833
1898000,1,35,64,38851
1899000,1,40,64,38867
1900000,1,46,64,38886
1901000,1,51,64,38904
1902000,1,56,64,38921
1903000,1,30,64,38939
1904000,1,35,64,38955
1905000,1,41,64,38974
1906000,1,46,64,38997
1907000,1,51,64,39013
1908000,1,57,64,39030
1909000,1,29,64,39047
1910000,1,35,64,39063
1911000,1,40,64,39079
1912000,1,45,64,39094
1913000,1,51,64,39109
1914000,1,56,64,39126
1915000,1,30,64,39145
1916000,1,35,64,39168
1917000,1,41,64,39184
1918000,1,46,64,39200
1919000,1,52,64,39217
1920000,1,57,64,39232
1921000,1,29,64,39248
1922000,1,35,64,39265
1923000,1,40,64,39283
1924000,1,46,64,39301
1925000,1,51,64,39318
1926000,1,57,64,39335
1927000,1,30,64,39352
1928000,1,35,64,39368
1929000,1,41,64,39384
1930000,1,46,64,39401
1931000,1,51,64,39418
1932000,1,56,64,39436
1933000,1,29,64,39457
1934000,1,35,64,39473
1935000,1,40,64,39493
1936000,1,45,64,39510
1937000,1,51,64,39535
1938000,1,56,64,39562
1939000,1,30,64,39647
1940000,1,35,64,39673
1941000,1,40,64,39693
1942000,1,46,64,39718
1943000,1,51,64,39736
1944000,1,57,64,39752
1945000,1,29,64,39770
1946000,1,35,64,39787
1947000,1,41,64,39808
1948000,1,45,64,39826
1949000,1,51,64,39843
1950000,1,57,64,39858
1951000,1,29,64,39877
1952000,1,34,64,39897
1953000,1,40,64,39913
1954000,1,45,64,39930
1955000,1,51,64,39948
1956000,1,56,64,39964
1957000,1,29,64,39980
1958000,1,35,64,39996
1959000,1,40,64,40017
1960000,1,45,64,40042
1961000,1,51,64,40060
1962000,1,56,64,40076
1963000,1,29,64,40095
1964000,1,35,64,40112
1965000,1,40,64,40130
1966000,1,46,64,40150
1967000,1,51,64,40166
1968000,1,56,64,40181
1969000,1,30,64,40197
1970000,1,35,64,40214
1971000,1,40,64,40231
1972000,1,46,64,40251
1973000,1,51,64,40269
1974000,1,56,64,40287
1975000,1,29,64,40303
1976000,1,35,64,40319
1977000,1,41,64,40339
1978000,1,46,64,40359
1979000,1,51,64,40444
1980000,1,56,64,40490
1981000,1,29,64,40519
1982000,1,35,64,40539
1983000,1,40,64,40571
1984000,1,45,64,40598
1985000,1,51,64,40618
1986000,1,56,64,40642
1987000,1,29,64,40664
1988000,1,35,64,40689
1989000,1,40,64,40710
1990000,1,46,64,40727
1991000,1,51,64,40744
1992000,1,57,64,40763
1993000,1,30,64,40783
1994000,1,35,64,40801
1995000,1,41,64,40830
1996000,1,46,64,40871
1997000,1,51,64,40893
1998000,1,56,64,40936
1999000,1,29,64,40970
2000000,1,35,64,41024
2001000,1,40,64,41078
2002000,1,46,64,41114
2003000,1,51,64,41152
2004000,1,56,64,41177
2005000,1,29,64,41210
2006000,1,35,64,41230
2007000,1,41,64,41263
2008000,1,46,64,41283
2009000,1,51,64,41301
2010000,1,57,64,41317
2011000,1,29,64,41336
2012000,1,35,64,41367
2013000,1,40,64,41393
2014000,1,46,64,41432
2015000,1,51,64,41678
2016000,1,56,64,41761
2017000,1,30,64,41802
2018000,1,35,64,41843
2019000,1,41,64,41872
2020000,1,46,64,41918
2021000,1,52,64,41972
2022000,1,57,64,41996
2023000,1,30,64,42033
2024000,1,35,64,42078
2025000,1,41,64,42143
2026000,1,46,64,42206
2027000,1,51,64,42251
2028000,1,57,64,42304
2029000,1,30,64,42339
2030000,1,35,64,42372
2031000,1,41,64,42393
2032000,1,46,64,42461
2033000,1,51,64,42491
2034000,1,57,64,42516
2035000,1,29,64,42541
2036000,1,35,64,42560
2037000,1,40,64,42578
2038000,1,46,64,42595
2039000,1,51,64,42619
2040000,1,57,64,42638
2041000,1,29,64,42655
2042000,1,35,64,42676
2043000,1,40,64,42696
2044000,1,46,64,42712
2045000,1,51,64,42729
2046000,1,57,64,42745
2047000,1,29,64,42763
2048000,1,35,64,42785
2049000,1,40,64,42807
2050000,1,46,64,42826
2051000,1,51,64,42843
2052000,1,56,64,42859
2053000,1,30,64,42877
2054000,1,35,64,42895
2055000,1,41,64,42915
2056000,1,46,64,42952
2057000,1,51,64,42974
2058000,1,57,64,42992
2059000,1,29,64,43014
2060000,1,35,64,43033
2061000,1,40,64,43051
2062000,1,45,64,43071
2063000,1,51,64,43089
2064000,1,56,64,43107
2065000,1,29,64,43127
2066000,1,35,64,43150
2067000,1,40,64,43169
2068000,1,45,64,43186
2069000,1,51,64,43202
2070000,1,56,64,43227
2071000,1,30,64,43253
2072000,1,35,64,43269
2073000,1,40,64,43284
2074000,1,46,64,43299
2075000,1,51,64,43316
2076000,1,56,64,43334
2077000,1,30,64,43351
2078000,1,35,64,43368
2079000,1,40,64,43384
2080000,1,46,64,43401
2081000,1,51,64,43418
2082000,1,57,64,43434
2083000,1,29,64,43458
2084000,1,34,64,43478
2085000,1,40,64,43497
2086000,1,45,64,43516
2087000,1,50,64,43533
2088000,1,56,64,43555
2089000,1,29,64,43573
2090000,1,35,64,43600
2091000,1,40,64,43616
2092000,1,45,64,43632
2093000,1,51,64,43649
2094000,1,56,64,43666
2095000,1,29,64,43684
2096000,1,35,64,43700
2097000,1,40,64,43717
2098000,1,46,64,43732
2099000,1,51,64,43748
2100000,1,56,64,43765
2101000,1,30,64,43784
2102000,1,35,64,43804
2103000,1,41,64,43821
2104000,1,46,64,43841
2105000,1,51,64,43861
2106000,1,57,64,43882
2107000,1,30,64,43911
2108000,1,35,64,43927
2109000,1,40,64,43944
2110000,1,46,64,43963
2111000,1,51,64,43982
2112000,1,57,64,43998
2113000,1,29,64,44020
2114000,1,35,64,44041
2115000,1,40,64,44058
2116000,1,46,64,44075
2117000,1,51,64,44093
2118000,1,57,64,44111
2119000,1,29,64,44133
2120000,1,35,64,44155
2121000,1,40,64,44178
2122000,1,46,64,44196
2123000,1,51,64,44215
2124000,1,57,64,44235
2125000,1,29,64,44254
2126000,1,35,64,44273
2127000,1,40,64,44289
2128000,1,46,64,44305
2129000,1,51,64,44319
2130000,1,57,64,44336
2131000,1,29,64,44357
2132000,1,35,64,44376
2133000,1,40,64,44391
2134000,1,46,64,44408
2135000,1,51,64,44423
2136000,1,56,64,44443
2137000,1,29,64,44462
2138000,1,35,64,44479
2139000,1,40,64,44493
2140000,1,46,64,44509
2141000,1,51,64,44524
2142000,1,57,64,44540
2143000,1,29,64,44556
2144000,1,35,64,44572
2145000,1,40,64,44587
2146000,1,46,64,44603
2147000,1,51,64,44617
2148000,1,56,64,44632
2149000,1,29,64,44656
2150000,1,35,64,44672
2151000,1,40,64,44687
2152000,1,46,64,44705
2153000,1,51,64,44722
2154000,1,57,64,44744
2155000,1,29,64,44761
2156000,1,35,64,44777
2157000,1,40,64,44794
2158000,1,46,64,44810
2159000,1,51,64,44825
2160000,1,57,64,44843
2161000,1,30,64,44860
2162000,1,35,64,44876
2163000,1,40,64,44892
2164000,1,46,64,44907
2165000,1,51,64,44921
2166000,1,57,64,44939
2167000,1,29,64,44957
2168000,1,35,64,44974
2169000,1,41,64,44991
2170000,1,46,64,45007
2171000,1,51,64,45022
2172000,1,56,64,45038
2173000,1,29,64,45055
2174000,1,35,64,45073
2175000,1,40,64,45091
2176000,1,45,64,45107
2177000,1,51,64,45123
2178000,1,56,64,45141
2179000,1,30,64,45159
2180000,1,35,64,45176
2181000,1,40,64,45192
2182000,1,46,64,45207
2183000,1,51,64,45223
2184000,1,56,64,45237
2185000,1,29,64,45254
2186000,1,35,64,45269
2187000,1,40,64,45284
2188000,1,46,64,45302
2189000,1,51,64,45318
2190000,1,56,64,45333
2191000,1,29,64,45350
2192000,1,34,64,45366
2193000,1,40,64,45383
2194000,1,45,64,45398
2195000,1,50,64,45415
2196000,1,56,64,45431
2197000,1,29,64,45456
2198000,1,35,64,45475
2199000,1,40,64,45494
2200000,1,45,64,45513
2201000,1,51,64,45531
2202000,1,56,64,45549
2203000,1,29,64,45568
2204000,1,35,64,45584
2205000,1,40,64,45601
2206000,1,45,64,45617
2207000,1,51,64,45634
2208000,1,56,64,45657
2209000,1,30,64,45677
2210000,1,35,64,45693
2211000,1,40,64,45710
2212000,1,46,64,45725
2213000,1,51,64,45741
2214000,1,57,64,45756
2215000,1,29,64,45774
2216000,1,35,64,45789
2217000,1,40,64,45805
2218000,1,46,64,45822
2219000,1,51,64,45842
2220000,1,56,64,45859
2221000,1,29,64,45877
2222000,1,35,64,45893
2223000,1,40,64,45910
2224000,1,45,64,45933
2225000,1,51,64,45956
2226000,1,56,64,45975
2227000,1,30,64,45998
2228000,1,35,64,46020
2229000,1,40,64,46043
2230000,1,46,64,46065
2231000,1,51,64,46086
2232000,1,57,64,46114
2233000,1,29,64,46143
2234000,1,35,64,46163
2235000,1,40,64,46184
2236000,1,46,64,46205
2237000,1,51,64,46224
2238000,1,57,64,46243
2239000,1,30,64,46263
2240000,1,35,64,46284
2241000,1,40,64,46308
2242000,1,46,64,46333
2243000,1,51,64,46352
2244000,1,57,64,46384
2245000,1,29,64,46403
2246000,1,35,64,46419
2247000,1,40,64,46435
2248000,1,46,64,46453
2249000,1,52,64,46472
2250000,1,57,64,46489
2251000,1,29,64,46507
2252000,1,35,64,46522
2253000,1,40,64,46538
2254000,1,46,64,46554
2255000,1,51,64,46570
2256000,1,56,64,46587
2257000,1,29,64,46603
2258000,1,35,64,46619
2259000,1,40,64,46634
2260000,1,46,64,46650
2261000,1,51,64,46665
2262000,1,56,64,46681
2263000,1,29,64,46698
2264000,1,35,64,46713
2265000,1,40,64,46728
2266000,1,46,64,46743
2267000,1,51,64,46759
2268000,1,56,64,46773
2269000,1,29,64,46788
2270000,1,35,64,46805
2271000,1,40,64,46822
2272000,1,46,64,46838
2273000,1,51,64,46855
2274000,1,57,64,46873
2275000,1,30,64,46894
2276000,1,35,64,46909
2277000,1,40,64,46925
2278000,1,46,64,46942
2279000,1,51,64,46962
2280000,1,57,64,46978
2281000,1,30,64,46994
2282000,1,35,64,47009
2283000,1,40,64,47024
2284000,1,46,64,47039
2285000,1,51,64,47054
2286000,1,56,64,47070
2287000,1,29,64,47087
2288000,1,35,64,47107
2289000,1,40,64,47126
2290000,1,45,64,47147
2291000,1,51,64,47168
2292000,1,56,64,47185
2293000,1,30,64,47201
2294000,1,35,64,47216
2295000,1,40,64,47232
2296000,1,46,64,47248
2297000,1,51,64,47264
2298000,1,57,64,47283
2299000,1,30,64,47304
2300000,1,35,64,47319
2301000,1,40,64,47334
2302000,1,45,64,47353
2303000,1,51,64,47370
2304000,1,56,64,47384
2305000,1,29,64,47400
2306000,1,35,64,47420
2307000,1,40,64,47440
2308000,1,45,64,47459
2309000,1,51,64,47476
2310000,1,56,64,47492
2311000,1,29,64,47510
2312000,1,35,64,47527
2313000,1,40,64,47559
2314000,1,45,64,47607
2315000,1,51,64,47636
2316000,1,56,64,47658
2317000,1,30,64,47677
2318000,1,35,64,47696
2319000,1,40,64,47714
2320000,1,46,64,47730
2321000,1,51,64,47746
2322000,1,56,64,47761
2323000,1,29,64,47778
2324000,1,35,64,47793
2325000,1,40,64,47810
2326000,1,45,64,47830
2327000,1,51,64,47846
2328000,1,56,64,47865
2329000,1,29,64,47889
2330000,1,34,64,47905
2331000,1,40,64,47926
2332000,1,45,64,47942
2333000,1,51,64,47960
2334000,1,56,64,47988
2335000,1,29,64,48006
2336000,1,35,64,48021
2337000,1,40,64,48039
2338000,1,46,64,48056
2339000,1,51,64,48073
2340000,1,56,64,48090
2341000,1,30,64,48109
2342000,1,35,64,48127
2343000,1,40,64,48149
2344000,1,46,64,48168
2345000,1,51,64,48184
2346000,1,57,64,48202
2347000,1,30,64,48219
2348000,1,35,64,48236
2349000,1,40,64,48256
2350000,1,46,64,48276
2351000,1,51,64,48297
2352000,1,57,64,48317
2353000,1,29,64,48339
2354000,1,35,64,48361
2355000,1,40,64,48382
2356000,1,46,64,48405
2357000,1,51,64,48430
2358000,1,57,64,48457
2359000,1,29,64,48476
2360000,1,35,64,48495
2361000,1,40,64,48513
2362000,1,46,64,48530
2363000,1,51,64,48550
2364000,1,57,64,48568
2365000,1,30,64,48586
2366000,1,35,64,48602
2367000,1,40,64,48621
2368000,1,46,64,48643
2369000,1,51,64,48658
2370000,1,56,64,48674
2371000,1,29,64,48690
2372000,1,35,64,48710
2373000,1,40,64,48725
2374000,1,46,64,48744
2375000,1,51,64,48765
2376000,1,57,64,48784
2377000,1,29,64,48801
2378000,1,35,64,48817
2379000,1,40,64,48832
2380000,1,46,64,48851
2381000,1,51,64,48866
2382000,1,56,64,48881
2383000,1,30,64,48899
2384000,1,35,64,48915
2385000,1,41,64,48931
2386000,1,46,64,48946
2387000,1,51,64,48964
2388000,1,57,64,48984
2389000,1,29,64,49006
2390000,1,35,64,49022
2391000,1,40,64,49037
2392000,1,46,64,49055
2393000,1,51,64,49071
2394000,1,57,64,49086
2395000,1,30,64,49102
2396000,1,35,64,49121
2397000,1,40,64,49142
2398000,1,46,64,49159
2399000,1,51,64,49177
2400000,1,57,64,49193
2401000,1,30,64,49211
2402000,1,35,64,49226
2403000,1,40,64,49242
2404000,1,46,64,49258
2405000,1,51,64,49274
2406000,1,56,64,49294
2407000,1,30,64,49313
2408000,1,35,64,49330
2409000,1,41,64,49347
2410000,1,46,64,49363
2411000,1,51,64,49384
2412000,1,57,64,49403
2413000,1,29,64,49424
2414000,1,35,64,49446
2415000,1,40,64,49464
2416000,1,45,64,49485
2417000,1,51,64,49503
2418000,1,56,64,49525
2419000,1,29,64,49546
2420000,1,35,64,49572
2421000,1,40,64,49591
2422000,1,45,64,49612
2423000,1,51,64,49627
2424000,1,56,64,49645
2425000,1,30,64,49663
2426000,1,35,64,49680
2427000,1,40,64,49695
2428000,1,46,64,49714
2429000,1,51,64,49731
2430000,1,56,64,49746
2431000,1,30,64,49763
2432000,1,35,64,49781
2433000,1,41,64,49800
2434000,1,46,64,49819
2435000,1,51,64,49844
2436000,1,57,64,49860
2437000,1,29,64,49877
2438000,1,34,64,49902
2439000,1,40,64,49922
2440000,1,45,64,49937
2441000,1,50,64,49953
2442000,1,56,64,49968
2443000,1,29,64,49986
2444000,1,35,64,50004
2445000,1,40,64,50022
2446000,1,45,64,50039
2447000,1,51,64,50054
2448000,1,56,64,50070
2449000,1,29,64,50089
2450000,1,35,64,50107
2451000,1,40,64,50127
2452000,1,46,64,50146
2453000,1,51,64,50173
2454000,1,56,64,50190
2455000,1,30,64,50210
2456000,1,35,64,50227
2457000,1,41,64,50243
2458000,1,46,64,50260
2459000,1,51,64,50278
2460000,1,57,64,50298
2461000,1,30,64,50318
2462000,1,35,64,50340
2463000,1,40,64,50359
2464000,1,46,64,50376
2465000,1,51,64,50393
2466000,1,57,64,50411
2467000,1,29,64,50432
2468000,1,35,64,50454
2469000,1,40,64,50476
2470000,1,46,64,50495
2471000,1,51,64,50513
2472000,1,57,64,50531
2473000,1,29,64,50551
2474000,1,35,64,50573
2475000,1,40,64,50592
2476000,1,46,64,50610
2477000,1,51,64,50631
2478000,1,57,64,50652
2479000,1,29,64,50671
2480000,1,35,64,50690
2481000,1,40,64,50708
2482000,1,46,64,50725
2483000,1,51,64,50742
2484000,1,57,64,50758
2485000,1,29,64,50776
2486000,1,35,64,50793
2487000,1,40,64,50813
2488000,1,46,64,50828
2489000,1,51,64,50844
2490000,1,57,64,50860
2491000,1,29,64,50883
2492000,1,35,64,50899
2493000,1,40,64,50915
2494000,1,46,64,50930
2495000,1,51,64,50976
2496000,1,56,64,50992
2497000,1,30,64,51009
2498000,1,35,64,51025
2499000,1,41,64,51041
2500000,1,46,64,51057
2501000,1,51,64,51075
2502000,1,57,64,51090
2503000,1,29,64,51106
2504000,1,35,64,51121
2505000,1,40,64,51137
2506000,1,46,64,51154
2507000,1,51,64,51175
2508000,1,56,64,51191
2509000,1,30,64,51207
2510000,1,35,64,51222
2511000,1,40,64,51244
2512000,1,46,64,51264
2513000,1,52,64,51283
2514000,1,57,64,51298
2515000,1,29,64,51318
2516000,1,35,64,51337
2517000,1,40,64,51356
2518000,1,46,64,51378
2519000,1,51,64,51397
2520000,1,56,64,51414
2521000,1,30,64,51434
2522000,1,35,64,51457
2523000,1,41,64,51474
2524000,1,45,64,51491
2525000,1,51,64,51509
2526000,1,57,64,51525
2527000,1,29,64,51543
2528000,1,35,64,51564
2529000,1,40,64,51581
2530000,1,45,64,51598
2531000,1,51,64,51616
2532000,1,56,64,51637
2533000,1,30,64,51653
2534000,1,35,64,51669
2535000,1,40,64,51689
2536000,1,46,64,51709
2537000,1,51,64,51728
2538000,1,56,64,51749
2539000,1,30,64,51766
2540000,1,35,64,51782
2541000,1,40,64,51797
2542000,1,45,64,51814
2543000,1,51,64,51833
2544000,1,57,64,51850
2545000,1,29,64,51866
2546000,1,34,64,51882
2547000,1,40,64,51898
2548000,1,45,64,51913
2549000,1,50,64,51928
2550000,1,56,64,51945
2551000,1,29,64,51963
2552000,1,35,64,51978
2553000,1,40,64,51994
2554000,1,45,64,52011
2555000,1,51,64,52028
2556000,1,56,64,52047
2557000,1,29,64,52067
2558000,1,35,64,52087
2559000,1,40,64,52108
2560000,1,46,64,52125
2561000,1,51,64,52142
2562000,1,56,64,52161
2563000,1,30,64,52184
2564000,1,35,64,52206
2565000,1,40,64,52224
2566000,1,46,64,52241
2567000,1,51,64,52257
2568000,1,57,64,52273
2569000,1,29,64,52291
2570000,1,35,64,52307
2571000,1,40,64,52325
2572000,1,46,64,52346
2573000,1,51,64,52364
2574000,1,57,64,52382
2575000,1,29,64,52405
2576000,1,35,64,52431
2577000,1,40,64,52460
2578000,1,45,64,52482
2579000,1,51,64,52500
2580000,1,56,64,52517
2581000,1,30,64,52536
2582000,1,35,64,52554
2583000,1,40,64,52575
2584000,1,46,64,52598
2585000,1,51,64,52619
2586000,1,57,64,52639
2587000,1,30,64,52661
2588000,1,35,64,52679
2589000,1,40,64,52697
2590000,1,46,64,52717
2591000,1,52,64,52736
2592000,1,57,64,52754
2593000,1,30,64,52773
2594000,1,35,64,52795
2595000,1,40,64,52815
2596000,1,46,64,52835
2597000,1,51,64,52855
2598000,1,56,64,52875
2599000,1,29,64,52894
2600000,1,35,64,52910
2601000,1,40,64,52930
2602000,1,46,64,52947
2603000,1,51,64,52964
2604000,1,57,64,52987
2605000,1,29,64,53012
2606000,1,35,64,53028
2607000,1,40,64,53047
2608000,1,46,64,53062
2609000,1,51,64,53079
2610000,1,56,64,53095
2611000,1,30,64,53115
2612000,1,35,64,53133
2613000,1,41,64,53155
2614000,1,46,64,53172
2615000,1,52,64,53191
2616000,1,57,64,53206
2617000,1,29,64,53223
2618000,1,35,64,53239
2619000,1,40,64,53254
2620000,1,46,64,53270
2621000,1,51,64,53286
2622000,1,56,64,53302
2623000,1,30,64,53318
2624000,1,35,64,53334
2625000,1,41,64,53351
2626000,1,46,64,53369
2627000,1,52,64,53385
2628000,1,57,64,53411
2629000,1,29,64,53428
2630000,1,35,64,53450
2631000,1,40,64,53470
2632000,1,46,64,53488
2633000,1,51,64,53506
2634000,1,57,64,53522
2635000,1,29,64,53538
2636000,1,35,64,53558
2637000,1,40,64,53574
2638000,1,46,64,53590
2639000,1,51,64,53607
2640000,1,56,64,53625
2641000,1,29,64,53655
2642000,1,35,64,53679
2643000,1,40,64,53701
2644000,1,45,64,53722
2645000,1,51,64,53739
2646000,1,56,64,53757
2647000,1,30,64,53775
2648000,1,35,64,53792
2649000,1,40,64,53808
2650000,1,46,64,53825
2651000,1,51,64,53880
2652000,1,57,64,53921
2653000,1,29,64,53943
2654000,1,35,64,53966
2655000,1,40,64,53988
2656000,1,46,64,54003
2657000,1,51,64,54018
2658000,1,56,64,54033
2659000,1,29,64,54050
2660000,1,34,64,54067
2661000,1,40,64,54095
2662000,1,45,64,54112
2663000,1,51,64,54127
2664000,1,56,64,54145
2665000,1,29,64,54164
2666000,1,35,64,54181
2667000,1,40,64,54198
2668000,1,45,64,54215
2669000,1,51,64,54231
2670000,1,56,64,54248
2671000,1,30,64,54265
2672000,1,35,64,54281
2673000,1,40,64,54298
2674000,1,46,64,54314
2675000,1,51,64,54329
2676000,1,56,64,54344
2677000,1,30,64,54364
2678000,1,35,64,54385
2679000,1,40,64,54401
2680000,1,46,64,54418
2681000,1,51,64,54435
2682000,1,57,64,54468
2683000,1,29,64,54488
2684000,1,34,64,54506
2685000,1,40,64,54525
2686000,1,45,64,54545
2687000,1,51,64,54571
2688000,1,56,64,54593
2689000,1,29,64,54613
2690000,1,35,64,54631
2691000,1,40,64,54650
2692000,1,45,64,54673
2693000,1,51,64,54690
2694000,1,56,64,54708
2695000,1,30,64,54731
2696000,1,35,64,54749
2697000,1,40,64,54766
2698000,1,46,64,54782
2699000,1,51,64,54798
2700000,1,57,64,54814
2701000,1,29,64,54833
2702000,1,35,64,54851
2703000,1,40,64,54869
2704000,1,46,64,54893
2705000,1,51,64,54914
2706000,1,56,64,54932
2707000,1,29,64,54950
2708000,1,35,64,54968
2709000,1,40,64,54988
2710000,1,46,64,55005
2711000,1,51,64,55023
2712000,1,56,64,55042
2713000,1,30,64,55062
2714000,1,35,64,55087
2715000,1,41,64,55106
2716000,1,46,64,55124
2717000,1,51,64,55143
2718000,1,57,64,55163
2719000,1,29,64,55179
2720000,1,35,64,55196
2721000,1,40,64,55213
2722000,1,46,64,55231
2723000,1,51,64,55247
2724000,1,56,64,55269
2725000,1,30,64,55285
2726000,1,35,64,55301
2727000,1,41,64,55317
2728000,1,46,64,55334
2729000,1,51,64,55350
2730000,1,57,64,55366
2731000,1,29,64,55383
2732000,1,35,64,55405
2733000,1,40,64,55483
2734000,1,46,64,55508
2735000,1,51,64,55524
2736000,1,56,64,55546
2737000,1,30,64,55574
2738000,1,35,64,55597
2739000,1,41,64,55612
2740000,1,46,64,55630
2741000,1,51,64,55645
2742000,1,57,64,55663
2743000,1,29,64,55684
2744000,1,35,64,55701
2745000,1,40,64,55716
2746000,1,46,64,55733
2747000,1,51,64,55752
2748000,1,56,64,55767
2749000,1,30,64,55784
2750000,1,35,64,55804
2751000,1,41,64,55823
2752000,1,46,64,55840
2753000,1,52,64,55855
2754000,1,57,64,55871
2755000,1,29,64,55887
2756000,1,35,64,55902
2757000,1,40,64,55919
2758000,1,45,64,55935
2759000,1,51,64,55952
2760000,1,56,64,55969
2761000,1,30,64,55986
2762000,1,35,64,56001
2763000,1,40,64,56018
2764000,1,46,64,56034
2765000,1,51,64,56051
2766000,1,57,64,56066
2767000,1,29,64,56088
2768000,1,35,64,56115
2769000,1,40,64,56138
2770000,1,46,64,56160
2771000,1,51,64,56179
2772000,1,56,64,56201
2773000,1,29,64,56235
2774000,1,35,64,56266
2775000,1,40,64,56296
2776000,1,45,64,56323
2777000,1,51,64,56340
2778000,1,56,64,56357
2779000,1,29,64,56379
2780000,1,35,64,56395
2781000,1,40,64,56413
2782000,1,46,64,56432
2783000,1,51,64,56448
2784000,1,56,64,56470
2785000,1,30,64,56491
2786000,1,35,64,56526
2787000,1,40,64,56545
2788000,1,46,64,56566
2789000,1,51,64,56586
2790000,1,56,64,56603
2791000,1,30,64,56624
2792000,1,35,64,56643
2793000,1,41,64,56659
2794000,1,46,64,56683
2795000,1,51,64,56706
2796000,1,57,64,56723
2797000,1,29,64,56739
2798000,1,34,64,56760
2799000,1,40,64,56778
2800000,1,45,64,56821
2801000,1,51,64,56846
2802000,1,56,64,56869
2803000,1,29,64,56894
2804000,1,35,64,56915
2805000,1,40,64,56935
2806000,1,45,64,57003
2807000,1,51,64,57054
2808000,1,56,64,57109
2809000,1,30,64,57171
2810000,1,35,64,57242
2811000,1,40,64,57269
2812000,1,46,64,57293
2813000,1,51,64,57317
2814000,1,56,64,57347
2815000,1,30,64,57375
2816000,1,35,64,57416
2817000,1,41,64,57441
2818000,1,46,64,57469
2819000,1,52,64,57496
2820000,1,57,64,57517
2821000,1,29,64,57551
2822000,1,35,64,57579
2823000,1,40,64,57605
2824000,1,46,64,57628
2825000,1,51,64,57653
2826000,1,56,64,57680
2827000,1,30,64,57703
2828000,1,35,64,57727
2829000,1,41,64,57758
2830000,1,46,64,57778
2831000,1,51,64,57810
2832000,1,57,64,57829
2833000,1,29,64,57851
2834000,1,35,64,57875
2835000,1,40,64,57897
2836000,1,46,64,57916
2837000,1,51,64,57932
2838000,1,56,64,57950
2839000,1,30,64,57979
2840000,1,35,64,57997
2841000,1,41,64,58017
2842000,1,46,64,58035
2843000,1,51,64,58052
2844000,1,57,64,58068
2845000,1,30,64,58092
2846000,1,35,64,58111
2847000,1,41,64,58129
2848000,1,46,64,58153
2849000,1,51,64,58176
2850000,1,57,64,58194
2851000,1,30,64,58213
2852000,1,35,64,58232
2853000,1,41,64,58250
2854000,1,46,64,58266
2855000,1,51,64,58282
2856000,1,57,64,58298
2857000,1,30,64,58318
2858000,1,35,64,58342
2859000,1,41,64,58363
2860000,1,46,64,58382
2861000,1,51,64,58400
2862000,1,57,64,58420
2863000,1,30,64,58444
2864000,1,35,64,58467
2865000,1,41,64,58488
2866000,1,46,64,58505
2867000,1,51,64,58528
2868000,1,57,64,58553
2869000,1,30,64,58571
2870000,1,35,64,58588
2871000,1,41,64,58608
2872000,1,46,64,58629
2873000,1,51,64,58655
2874000,1,57,64,58675
2875000,1,30,64,58697
2876000,1,35,64,58713
2877000,1,40,64,58731
2878000,1,46,64,58751
2879000,1,51,64,58767
2880000,1,57,64,58783
2881000,1,29,64,58805
2882000,1,35,64,58822
2883000,1,41,64,58839
2884000,1,46,64,58854
2885000,1,51,64,58870
2886000,1,56,64,58897
2887000,1,29,64,58925
2888000,1,35,64,58944
2889000,1,40,64,58961
2890000,1,45,64,58981
2891000,1,51,64,59002
2892000,1,56,64,59020
2893000,1,30,64,59041
2894000,1,35,64,59060
2895000,1,40,64,59078
2896000,1,45,64,59094
2897000,1,51,64,59112
2898000,1,56,64,59128
2899000,1,30,64,59145
2900000,1,35,64,59162
2901000,1,40,64,59180
2902000,1,46,64,59199
2903000,1,51,64,59217
2904000,1,57,64,59233
2905000,1,29,64,59249
2906000,1,35,64,59265
2907000,1,41,64,59281
2908000,1,46,64,59299
2909000,1,51,64,59316
2910000,1,56,64,59332
2911000,1,30,64,59348
2912000,1,35,64,59364
2913000,1,40,64,59379
2914000,1,46,64,59395
2915000,1,51,64,59410
2916000,1,56,64,59425
2917000,1,29,64,59446
2918000,1,35,64,59466
2919000,1,40,64,59483
2920000,1,45,64,59501
2921000,1,51,64,59519
2922000,1,56,64,59535
2923000,1,30,64,59553
2924000,1,35,64,59571
2925000,1,40,64,59591
2926000,1,46,64,59608
2927000,1,51,64,59625
2928000,1,57,64,59643
2929000,1,29,64,59663
2930000,1,35,64,59681
2931000,1,41,64,59700
2932000,1,46,64,59723
2933000,1,51,64,59747
2934000,1,57,64,59767
2935000,1,29,64,59786
2936000,1,35,64,59803
2937000,1,40,64,59821
2938000,1,45,64,59838
2939000,1,51,64,59855
2940000,1,56,64,59882
2941000,1,30,64,59901
2942000,1,35,64,59926
2943000,1,41,64,59951
2944000,1,46,64,59977
2945000,1,52,64,59998
2946000,1,57,64,60019
2947000,1,30,64,60036
2948000,1,35,64,60054
2949000,1,41,64,60079
2950000,1,46,64,60102
2951000,1,52,64,60130
2952000,1,57,64,60155
2953000,1,29,64,60176
2954000,1,35,64,60193
2955000,1,40,64,60209
2956000,1,46,64,60224
2957000,1,51,64,60241
2958000,1,57,64,60259
2959000,1,29,64,60277
2960000,1,35,64,60296
2961000,1,40,64,60312
2962000,1,46,64,60331
2963000,1,51,64,60350
2964000,1,56,64,60370
2965000,1,30,64,60387
2966000,1,35,64,60405
2967000,1,41,64,60421
2968000,1,46,64,60438
2969000,1,52,64,60455
2970000,1,57,64,60482
2971000,1,29,64,60499
2972000,1,35,64,60515
2973000,1,40,64,60538
2974000,1,46,64,60562
2975000,1,51,64,60584
2976000,1,56,64,60599
2977000,1,30,64,60615
2978000,1,35,64,60636
2979000,1,41,64,60655
2980000,1,46,64,60672
2981000,1,52,64,60687
2982000,1,57,64,60704
2983000,1,29,64,60725
2984000,1,35,64,60741
2985000,1,40,64,60756
2986000,1,46,64,60775
2987000,1,51,64,60799
2988000,1,57,64,60824
2989000,1,30,64,60848
2990000,1,35,64,60865
2991000,1,40,64,60881
2992000,1,46,64,60897
2993000,1,51,64,60913
2994000,1,56,64,60932
2995000,1,29,64,60952
2996000,1,35,64,60969
2997000,1,40,64,60986
2998000,1,45,64,61004
2999000,1,51,64,61022
3000000,1,56,64,61038
3001000,1,30,64,61055
3002000,1,35,64,61072
3003000,1,40,64,61088
3004000,1,46,64,61104
3005000,1,51,64,61122
3006000,1,57,64,61137
3007000,1,30,64,61155
3008000,1,35,64,61171
3009000,1,40,64,61189
3010000,1,46,64,61204
3011000,1,51,64,61222
3012000,1,56,64,61237
3013000,1,29,64,61252
3014000,1,34,64,61267
3015000,1,40,64,61288
3016000,1,45,64,61307
3017000,1,51,64,61330
3018000,1,56,64,61356
3019000,1,29,64,61376
3020000,1,35,64,61392
3021000,1,40,64,61407
3022000,1,45,64,61423
3023000,1,51,64,61442
3024000,1,56,64,61458
3025000,1,30,64,61480
3026000,1,35,64,61502
3027000,1,40,64,61524
3028000,1,46,64,61541
3029000,1,51,64,61560
3030000,1,56,64,61577
3031000,1,30,64,61595
3032000,1,35,64,61611
3033000,1,41,64,61633
3034000,1,46,64,61651
3035000,1,51,64,61673
3036000,1,57,64,61696
3037000,1,29,64,61715
3038000,1,35,64,61731
3039000,1,40,64,61748
3040000,1,46,64,61764
3041000,1,51,64,61781
3042000,1,56,64,61797
3043000,1,29,64,61814
3044000,1,35,64,61831
3045000,1,40,64,61847
3046000,1,45,64,61866
3047000,1,51,64,61894
3048000,1,56,64,61918
3049000,1,30,64,61935
3050000,1,35,64,61954
3051000,1,40,64,61970
3052000,1,46,64,61986
3053000,1,51,64,62010
3054000,1,57,64,62038
3055000,1,30,64,62068
3056000,1,35,64,62095
3057000,1,41,64,62114
3058000,1,46,64,62138
3059000,1,52,64,62161
3060000,1,57,64,62182
3061000,1,29,64,62202
3062000,1,35,64,62219
3063000,1,40,64,62236
3064000,1,46,64,62255
3065000,1,51,64,62273
3066000,1,56,64,62293
3067000,1,30,64,62313
3068000,1,35,64,62337
3069000,1,41,64,62355
3070000,1,46,64,62375
3071000,1,52,64,62397
3072000,1,57,64,62413
3073000,1,29,64,62431
3074000,1,35,64,62446
3075000,1,40,64,62465
3076000,1,46,64,62485
3077000,1,51,64,62511
3078000,1,56,64,62526
3079000,1,30,64,62544
3080000,1,35,64,62562
3081000,1,41,64,62579
3082000,1,46,64,62595
3083000,1,52,64,62614
3084000,1,57,64,62634
3085000,1,29,64,62650
3086000,1,35,64,62665
3087000,1,40,64,62680
3088000,1,46,64,62695
3089000,1,51,64,62710
3090000,1,56,64,62728
3091000,1,30,64,62744
3092000,1,35,64,62763
3093000,1,41,64,62780
3094000,1,46,64,62795
3095000,1,51,64,62809
3096000,1,57,64,62824
3097000,1,29,64,62844
3098000,1,35,64,62859
3099000,1,40,64,62874
3100000,1,46,64,62889
3101000,1,51,64,62910
3102000,1,56,64,62925
3103000,1,30,64,62941
3104000,1,35,64,62957
3105000,1,41,64,62982
3106000,1,46,64,63006
3107000,1,52,64,63025
3108000,1,57,64,63040
3109000,1,29,64,63058
3110000,1,35,64,63073
3111000,1,40,64,63089
3112000,1,46,64,63109
3113000,1,51,64,63136
3114000,1,56,64,63158
3115000,1,30,64,63175
3116000,1,35,64,63192
3117000,1,40,64,63208
3118000,1,46,64,63225
3119000,1,51,64,63242
3120000,1,57,64,63257
3121000,1,30,64,63272
3122000,1,35,64,63291
3123000,1,40,64,63309
3124000,1,46,64,63326
3125000,1,51,64,63344
3126000,1,56,64,63361
3127000,1,29,64,63377
3128000,1,35,64,63393
3129000,1,40,64,63415
3130000,1,45,64,63439
3131000,1,51,64,63457
3132000,1,56,64,63481
3133000,1,29,64,63501
3134000,1,35,64,63521
3135000,1,40,64,63541
3136000,1,46,64,63560
3137000,1,51,64,63579
3138000,1,56,64,63597
3139000,1,30,64,63615
3140000,1,35,64,63634
3141000,1,40,64,63654
3142000,1,46,64,63687
3143000,1,51,64,63703
3144000,1,57,64,63718
3145000,1,29,64,63737
3146000,1,35,64,63753
3147000,1,41,64,63768
3148000,1,46,64,63783
3149000,1,51,64,63799
3150000,1,56,64,63815
3151000,1,30,64,63831
3152000,1,35,64,63849
3153000,1,40,64,63867
3154000,1,46,64,63883
3155000,1,51,64,63903
3156000,1,57,64,63919
3157000,1,29,64,63935
3158000,1,35,64,63953
3159000,1,40,64,63972
3160000,1,46,64,63988
3161000,1,51,64,64003
3162000,1,56,64,64018
3163000,1,30,64,64035
3164000,1,35,64,64052
3165000,1,40,64,64068
3166000,1,46,64,64083
3167000,1,51,64,64100
3168000,1,57,64,64123
3169000,1,29,64,64145
3170000,1,35,64,64166
3171000,1,40,64,64184
3172000,1,46,64,64202
3173000,1,51,64,64218
3174000,1,56,64,64236
3175000,1,29,64,64252
3176000,1,35,64,64271
3177000,1,40,64,64291
3178000,1,46,64,64309
3179000,1,51,64,64326
3180000,1,56,64,64342
3181000,1,30,64,64365
3182000,1,35,64,64383
3183000,1,41,64,64401
3184000,1,46,64,64418
3185000,1,51,64,64439
3186000,1,57,64,64464
3187000,1,29,64,64491
3188000,1,35,64,64510
3189000,1,40,64,64527
3190000,1,46,64,64552
3191000,1,51,64,64572
3192000,1,56,64,64587
3193000,1,30,64,64602
3194000,1,35,64,64624
3195000,1,41,64,64644
3196000,1,46,64,64662
3197000,1,51,64,64686
3198000,1,57,64,64703
3199000,1,29,64,64721
3200000,1,35,64,64737
3201000,1,40,64,64756
3202000,1,46,64,64775
3203000,1,51,64,64792
3204000,1,56,64,64808
3205000,1,30,64,64824
3206000,1,35,64,64839
3207000,1,41,64,64854
3208000,1,46,64,64869
3209000,1,51,64,64884
3210000,1,57,64,64899
3211000,1,30,64,64915
3212000,1,35,64,64930
3213000,1,41,64,64946
3214000,1,46,64,64961
3215000,1,51,64,64978
3216000,1,57,64,64994
3217000,1,30,64,65011
3218000,1,35,64,65026
3219000,1,41,64,65042
3220000,1,46,64,65057
3221000,1,52,64,65073
3222000,1,57,64,65090
3223000,1,30,64,65105
3224000,1,35,64,65121
3225000,1,41,64,65136
3226000,1,46,64,65153
3227000,1,51,64,65170
3228000,1,57,64,65186
3229000,1,30,64,65203
3230000,1,35,64,65219
3231000,1,41,64,65234
3232000,1,46,64,65250
3233000,1,51,64,65265
3234000,1,57,64,65282
3235000,1,29,64,65298
3236000,1,35,64,65315
3237000,1,40,64,65332
3238000,1,46,64,65347
3239000,1,51,64,65363
3240000,1,57,64,65379
3241000,1,29,64,65399
3242000,1,35,64,65414
3243000,1,40,64,65431
3244000,1,46,64,65448
3245000,1,51,64,65470
3246000,1,56,64,65489
3247000,1,30,64,65508
3248000,1,35,64,65524
3249000,1,40,64,65541
3250000,1,46,64,65557
3251000,1,51,64,65578
3252000,1,56,64,65598
3253000,1,30,64,65616
3254000,1,35,64,65637
3255000,1,41,64,65655
3256000,1,46,64,65671
3257000,1,51,64,65686
3258000,1,57,64,65704
3259000,1,29,64,65722
3260000,1,35,64,65738
3261000,1,40,64,65755
3262000,1,46,64,65771
3263000,1,51,64,65789
3264000,1,56,64,65808
3265000,1,29,64,65828
3266000,1,35,64,65843
3267000,1,40,64,65861
3268000,1,45,64,65877
3269000,1,51,64,65901
3270000,1,56,64,65917
3271000,1,29,64,65935
3272000,1,35,64,65951
3273000,1,40,64,65966
3274000,1,46,64,65981
3275000,1,51,64,65997
3276000,1,56,64,66013
3277000,1,30,64,66030
3278000,1,35,64,66046
3279000,1,41,64,66061
3280000,1,46,64,66076
3281000,1,51,64,66091
3282000,1,57,64,66108
3283000,1,30,64,66125
3284000,1,35,64,66140
3285000,1,40,64,66159
3286000,1,46,64,66177
3287000,1,51,64,66195
3288000,1,56,64,66211
3289000,1,29,64,66229
3290000,1,35,64,66245
3291000,1,40,64,66261
3292000,1,45,64,66278
3293000,1,51,64,66294
3294000,1,56,64,66313
3295000,1,30,64,66333
3296000,1,35,64,66352
3297000,1,41,64,66369
3298000,1,46,64,66385
3299000,1,51,64,66404
3300000,1,57,64,66421
3301000,1,30,64,66441
3302000,1,35,64,66459
3303000,1,40,64,66481
3304000,1,46,64,66499
3305000,1,51,64,66517
3306000,1,57,64,66534
3307000,1,30,64,66555
3308000,1,35,64,66572
3309000,1,41,64,66587
3310000,1,46,64,66606
3311000,1,51,64,66621
3312000,1,57,64,66639
3313000,1,30,64,66656
3314000,1,35,64,66674
3315000,1,40,64,66693
3316000,1,46,64,66708
3317000,1,51,64,66723
3318000,1,57,64,66739
3319000,1,30,64,66757
3320000,1,35,64,66772
3321000,1,40,64,66787
3322000,1,46,64,66804
3323000,1,51,64,66819
3324000,1,57,64,66834
3325000,1,30,64,66849
3326000,1,35,64,66869
3327000,1,40,64,66885
3328000,1,46,64,66900
3329000,1,51,64,66916
3330000,1,57,64,66935
3331000,1,30,64,66951
3332000,1,35,64,66966
3333000,1,40,64,66982
3334000,1,46,64,66998
3335000,1,51,64,67015
3336000,1,57,64,67034
3337000,1,30,64,67058
3338000,1,35,64,67075
3339000,1,41,64,67090
3340000,1,46,64,67105
3341000,1,51,64,67125
3342000,1,57,64,67143
3343000,1,30,64,67168
3344000,1,35,64,67185
3345000,1,40,64,67201
3346000,1,46,64,67216
3347000,1,51,64,67232
3348000,1,57,64,67248
3349000,1,30,64,67264
3350000,1,35,64,67279
3351000,1,40,64,67294
3352000,1,46,64,67311
3353000,1,51,64,67327
3354000,1,56,64,67342
3355000,1,29,64,67361
3356000,1,35,64,67379
3357000,1,40,64,67394
3358000,1,46,64,67410
3359000,1,51,64,67429
3360000,1,56,64,67444
3361000,1,30,64,67464
3362000,1,35,64,67483
3363000,1,41,64,67501
3364000,1,46,64,67521
3365000,1,51,64,67538
3366000,1,57,64,67554
3367000,1,29,64,67573
3368000,1,34,64,67590
3369000,1,40,64,67607
3370000,1,45,64,67626
3371000,1,50,64,67642
3372000,1,56,64,67658
3373000,1,30,64,67675
3374000,1,35,64,67690
3375000,1,40,64,67706
3376000,1,46,64,67721
3377000,1,51,64,67738
3378000,1,56,64,67756
3379000,1,29,64,67772
3380000,1,35,64,67787
3381000,1,40,64,67803
3382000,1,45,64,67818
3383000,1,51,64,67834
3384000,1,56,64,67852
3385000,1,29,64,67868
3386000,1,35,64,67884
3387000,1,40,64,67900
3388000,1,46,64,67916
3389000,1,51,64,67933
3390000,1,56,64,67950
3391000,1,30,64,67966
3392000,1,35,64,67982
3393000,1,40,64,67997
3394000,1,46,64,68014
3395000,1,51,64,68029
3396000,1,57,64,68044
3397000,1,30,64,68060
3398000,1,35,64,68076
3399000,1,40,64,68091
3400000,1,46,64,68109
3401000,1,51,64,68128
3402000,1,56,64,68145
3403000,1,29,64,68164
3404000,1,35,64,68184
3405000,1,40,64,68202
3406000,1,45,64,68217
3407000,1,51,64,68234
3408000,1,56,64,68251
3409000,1,30,64,68270
3410000,1,35,64,68286
3411000,1,40,64,68303
3412000,1,46,64,68322
3413000,1,51,64,68341
3414000,1,57,64,68358
3415000,1,30,64,68381
3416000,1,35,64,68402
3417000,1,40,64,68427
3418000,1,46,64,68454
3419000,1,51,64,68479
3420000,1,57,64,68497
3421000,1,30,64,68514
3422000,1,35,64,68533
3423000,1,40,64,68554
3424000,1,46,64,68570
3425000,1,51,64,68592
3426000,1,57,64,68611
3427000,1,30,64,68628
3428000,1,35,64,68643
3429000,1,41,64,68662
3430000,1,46,64,68679
3431000,1,52,64,68695
3432000,1,57,64,68710
3433000,1,29,64,68727
3434000,1,35,64,68745
3435000,1,40,64,68761
3436000,1,46,64,68776
3437000,1,51,64,68792
3438000,1,57,64,68812
3439000,1,30,64,68827
3440000,1,35,64,68842
3441000,1,41,64,68859
3442000,1,46,64,68875
3443000,1,52,64,68891
3444000,1,57,64,68905
3445000,1,29,64,68922
3446000,1,35,64,68941
3447000,1,40,64,68958
3448000,1,46,64,68974
3449000,1,51,64,68993
3450000,1,57,64,69013
3451000,1,29,64,69037
3452000,1,35,64,69054
3453000,1,40,64,69070
3454000,1,46,64,69089
3455000,1,52,64,69104
3456000,1,57,64,69124
3457000,1,30,64,69149
3458000,1,35,64,69171
3459000,1,40,64,69189
3460000,1,46,64,69206
3461000,1,51,64,69224
3462000,1,57,64,69239
3463000,1,30,64,69255
3464000,1,35,64,69271
3465000,1,40,64,69286
3466000,1,46,64,69303
3467000,1,51,64,69319
3468000,1,56,64,69338
3469000,1,29,64,69355
3470000,1,35,64,69371
3471000,1,40,64,69386
3472000,1,45,64,69402
3473000,1,51,64,69420
3474000,1,56,64,69440
3475000,1,30,64,69456
3476000,1,35,64,69478
3477000,1,40,64,69499
3478000,1,46,64,69515
3479000,1,51,64,69532
3480000,1,57,64,69550
3481000,1,29,64,69571
3482000,1,35,64,69589
3483000,1,40,64,69606
3484000,1,46,64,69624
3485000,1,51,64,69643
3486000,1,56,64,69659
3487000,1,30,64,69677
3488000,1,35,64,69694
3489000,1,40,64,69711
3490000,1,46,64,69727
3491000,1,51,64,69743
3492000,1,56,64,69759
3493000,1,29,64,69776
3494000,1,35,64,69794
3495000,1,40,64,69812
3496000,1,45,64,69828
3497000,1,51,64,69843
3498000,1,56,64,69858
3499000,1,30,64,69874
3500000,1,35,64,69889
3501000,1,40,64,69904
3502000,1,46,64,69919
3503000,1,51,64,69935
3504000,1,56,64,69950
3505000,1,30,64,69966
3506000,1,35,64,69981
3507000,1,40,64,69999
3508000,1,46,64,70015
3509000,1,51,64,70031
3510000,1,57,64,70046
3511000,1,29,64,70063
3512000,1,35,64,70080
3513000,1,40,64,70099
3514000,1,46,64,70116
3515000,1,51,64,70131
3516000,1,57,64,70146
3517000,1,29,64,70163
3518000,1,35,64,70183
3519000,1,40,64,70204
3520000,1,45,64,70222
3521000,1,51,64,70243
3522000,1,56,64,70262
3523000,1,30,64,70282
3524000,1,35,64,70298
3525000,1,40,64,70315
3526000,1,46,64,70334
3527000,1,51,64,70351
3528000,1,57,64,70381
3529000,1,30,64,70402
3530000,1,35,64,70422
3531000,1,41,64,70446
3532000,1,46,64,70467
3533000,1,52,64,70487
3534000,1,57,64,70506
3535000,1,29,64,70526
3536000,1,35,64,70543
3537000,1,40,64,70560
3538000,1,46,64,70578
3539000,1,51,64,70594
3540000,1,56,64,70611
3541000,1,30,64,70630
3542000,1,35,64,70648
3543000,1,41,64,70665
3544000,1,46,64,70682
3545000,1,52,64,70699
3546000,1,57,64,70719
3547000,1,29,64,70747
3548000,1,35,64,70781
3549000,1,40,64,70812
3550000,1,46,64,70833
3551000,1,51,64,70850
3552000,1,56,64,70866
3553000,1,30,64,70882
3554000,1,35,64,70899
3555000,1,41,64,70916
3556000,1,46,64,70933
3557000,1,52,64,70950
3558000,1,57,64,70966
3559000,1,30,64,70983
3560000,1,35,64,70998
3561000,1,41,64,71013
3562000,1,46,64,71028
3563000,1,51,64,71052
3564000,1,57,64,71103
3565000,1,30,64,71122
3566000,1,35,64,71138
3567000,1,41,64,71155
3568000,1,46,64,71172
3569000,1,51,64,71197
3570000,1,57,64,71215
3571000,1,30,64,71231
3572000,1,35,64,71248
3573000,1,41,64,71263
3574000,1,46,64,71280
3575000,1,52,64,71295
3576000,1,57,64,71312
3577000,1,30,64,71328
3578000,1,35,64,71346
3579000,1,41,64,71362
3580000,1,46,64,71378
3581000,1,51,64,71394
3582000,1,57,64,71411
3583000,1,29,64,71432
3584000,1,35,64,71448
3585000,1,40,64,71465
3586000,1,45,64,71483
3587000,1,51,64,71499
3588000,1,56,64,71515
3589000,1,30,64,71532
3590000,1,35,64,71549
3591000,1,40,64,71567
3592000,1,46,64,71585
3593000,1,51,64,71600
3594000,1,57,64,71616
3595000,1,30,64,71634
3596000,1,35,64,71649
3597000,1,41,64,71666
3598000,1,46,64,71681
3599000,1,51,64,71696
3600000,1,57,64,71712
3601000,1,29,64,71729
3602000,1,35,64,71744
3603000,1,40,64,71760
3604000,1,45,64,71777
3605000,1,51,64,71793
3606000,1,56,64,71810
3607000,1,29,64,71825
3608000,1,35,64,71841
3609000,1,40,64,71857
3610000,1,45,64,71871
3611000,1,51,64,71887
3612000,1,56,64,71902
3613000,1,30,64,71919
3614000,1,35,64,71936
3615000,1,40,64,71951
3616000,1,46,64,71967
3617000,1,51,64,71986
3618000,1,56,64,72011
3619000,1,30,64,72041
3620000,1,35,64,72070
3621000,1,40,64,72093
3622000,1,46,64,72114
3623000,1,51,64,72130
3624000,1,57,64,72145
3625000,1,29,64,72164
3626000,1,35,64,72184
3627000,1,40,64,72201
3628000,1,46,64,72217
3629000,1,51,64,72232
3630000,1,57,64,72247
3631000,1,29,64,72265
3632000,1,35,64,72280
3633000,1,40,64,72296
3634000,1,45,64,72314
3635000,1,51,64,72332
3636000,1,56,64,72356
3637000,1,29,64,72381
3638000,1,35,64,72396
3639000,1,40,64,72413
3640000,1,46,64,72432
3641000,1,51,64,72449
3642000,1,56,64,72476
3643000,1,30,64,72499
3644000,1,35,64,72516
3645000,1,41,64,72533
3646000,1,46,64,72555
3647000,1,51,64,72576
3648000,1,57,64,72593
3649000,1,29,64,72617
3650000,1,35,64,72638
3651000,1,40,64,72656
3652000,1,45,64,72677
3653000,1,51,64,72699
3654000,1,56,64,72718
3655000,1,30,64,72737
3656000,1,35,64,72754
3657000,1,41,64,72772
3658000,1,46,64,72789
3659000,1,51,64,72808
3660000,1,57,64,72879
3661000,1,30,64,72939
3662000,1,35,64,72967
3663000,1,41,64,72989
3664000,1,46,64,73010
3665000,1,51,64,73026
3666000,1,57,64,73044
3667000,1,30,64,73063
3668000,1,35,64,73083
3669000,1,40,64,73101
3670000,1,46,64,73117
3671000,1,51,64,73134
3672000,1,57,64,73151
3673000,1,30,64,73177
3674000,1,35,64,73197
3675000,1,40,64,73214
3676000,1,46,64,73231
3677000,1,51,64,73246
3678000,1,57,64,73261
3679000,1,30,64,73278
3680000,1,35,64,73293
3681000,1,40,64,73308
3682000,1,46,64,73330
3683000,1,51,64,73346
3684000,1,57,64,73361
3685000,1,29,64,73378
3686000,1,35,64,73395
3687000,1,40,64,73412
3688000,1,46,64,73438
3689000,1,51,64,73459
3690000,1,57,64,73492
3691000,1,30,64,73515
3692000,1,35,64,73541
3693000,1,41,64,73566
3694000,1,46,64,73593
3695000,1,51,64,73615
3696000,1,57,64,73639
3697000,1,30,64,73659
3698000,1,35,64,73682
3699000,1,41,64,73702
3700000,1,46,64,73722
3701000,1,51,64,73739
3702000,1,57,64,73756
3703000,1,30,64,73772
3704000,1,35,64,73789
3705000,1,40,64,73804
3706000,1,46,64,73823
3707000,1,51,64,73841
3708000,1,56,64,73858
3709000,1,30,64,73880
3710000,1,35,64,73901
3711000,1,41,64,73917
3712000,1,46,64,73935
3713000,1,51,64,73954
3714000,1,57,64,73970
3715000,1,29,64,73987
3716000,1,35,64,74002
3717000,1,40,64,74018
3718000,1,45,64,74034
3719000,1,51,64,74050
3720000,1,56,64,74065
3721000,1,29,64,74082
3722000,1,35,64,74097
3723000,1,40,64,74113
3724000,1,45,64,74130
3725000,1,51,64,74145
3726000,1,56,64,74161
3727000,1,30,64,74183
3728000,1,35,64,74199
3729000,1,40,64,74214
3730000,1,46,64,74230
3731000,1,51,64,74245
3732000,1,56,64,74261
3733000,1,30,64,74277
3734000,1,35,64,74293
3735000,1,41,64,74310
3736000,1,46,64,74325
3737000,1,51,64,74342
3738000,1,57,64,74358
3739000,1,29,64,74379
3740000,1,35,64,74400
3741000,1,41,64,74422
3742000,1,46,64,74438
3743000,1,51,64,74456
3744000,1,56,64,74486
3745000,1,29,64,74505
3746000,1,35,64,74521
3747000,1,40,64,74538
3748000,1,45,64,74555
3749000,1,51,64,74575
3750000,1,56,64,74595
3751000,1,30,64,74614
3752000,1,35,64,74631
3753000,1,40,64,74653
3754000,1,46,64,74676
3755000,1,51,64,74695
3756000,1,56,64,74717
3757000,1,30,64,74737
3758000,1,35,64,74757
3759000,1,40,64,74774
3760000,1,46,64,74800
3761000,1,51,64,74817
3762000,1,57,64,74834
3763000,1,30,64,74852
3764000,1,35,64,74877
3765000,1,40,64,74902
3766000,1,46,64,74926
3767000,1,51,64,74948
3768000,1,57,64,74970
3769000,1,30,64,74992
3770000,1,35,64,75009
3771000,1,40,64,75029
3772000,1,46,64,75051
3773000,1,51,64,75069
3774000,1,57,64,75088
3775000,1,30,64,75111
3776000,1,35,64,75132
3777000,1,41,64,75152
3778000,1,46,64,75178
3779000,1,52,64,75200
3780000,1,57,64,75219
3781000,1,30,64,75237
3782000,1,35,64,75255
3783000,1,40,64,75272
3784000,1,46,64,75289
3785000,1,51,64,75308
3786000,1,57,64,75325
3787000,1,29,64,75342
3788000,1,35,64,75358
3789000,1,40,64,75376
3790000,1,46,64,75393
3791000,1,51,64,75410
3792000,1,57,64,75427
3793000,1,30,64,75446
3794000,1,35,64,75468
3795000,1,40,64,75485
3796000,1,46,64,75501
3797000,1,51,64,75517
3798000,1,56,64,75533
3799000,1,30,64,75549
3800000,1,35,64,75566
3801000,1,41,64,75582
3802000,1,46,64,75597
3803000,1,52,64,75612
3804000,1,57,64,75629
3805000,1,29,64,75645
3806000,1,35,64,75663
3807000,1,40,64,75680
3808000,1,46,64,75696
3809000,1,51,64,75716
3810000,1,57,64,75731
3811000,1,30,64,75749
3812000,1,35,64,75766
3813000,1,41,64,75781
3814000,1,46,64,75797
3815000,1,52,64,75813
3816000,1,57,64,75832
3817000,1,30,64,75848
3818000,1,35,64,75863
3819000,1,40,64,75879
3820000,1,46,64,75895
3821000,1,51,64,75911
3822000,1,56,64,75927
3823000,1,30,64,75942
3824000,1,35,64,75960
3825000,1,41,64,75975
3826000,1,46,64,75991
3827000,1,51,64,76006
3828000,1,57,64,76023
3829000,1,30,64,76040
3830000,1,35,64,76057
3831000,1,40,64,76074
3832000,1,46,64,76094
3833000,1,51,64,76112
3834000,1,57,64,76129
3835000,1,29,64,76147
3836000,1,35,64,76162
3837000,1,40,64,76179
3838000,1,46,64,76199
3839000,1,51,64,76217
3840000,1,56,64,76234
3841000,1,30,64,76252
3842000,1,35,64,76271
3843000,1,40,64,76286
3844000,1,46,64,76301
3845000,1,51,64,76316
3846000,1,56,64,76332
3847000,1,30,64,76348
3848000,1,35,64,76365
3849000,1,40,64,76381
3850000,1,46,64,76398
3851000,1,51,64,76413
3852000,1,57,64,76429
3853000,1,30,64,76446
3854000,1,35,64,76463
3855000,1,40,64,76484
3856000,1,46,64,76502
3857000,1,51,64,76520
3858000,1,56,64,76539
3859000,1,29,64,76560
3860000,1,35,64,76578
3861000,1,40,64,76597
3862000,1,45,64,76615
3863000,1,51,64,76631
3864000,1,56,64,76647
3865000,1,29,64,76665
3866000,1,35,64,76682
3867000,1,40,64,76699
3868000,1,46,64,76715
3869000,1,51,64,76733
3870000,1,56,64,76750
3871000,1,30,64,76767
3872000,1,35,64,76782
3873000,1,41,64,76805
3874000,1,46,64,76825
3875000,1,51,64,76843
3876000,1,57,64,76861
3877000,1,30,64,76879
3878000,1,35,64,76895
3879000,1,40,64,76912
3880000,1,46,64,76929
3881000,1,51,64,76979
3882000,1,57,64,77004
3883000,1,29,64,77032
3884000,1,35,64,77049
3885000,1,40,64,77096
3886000,1,46,64,77141
3887000,1,51,64,77169
3888000,1,56,64,77195
3889000,1,30,64,77222
3890000,1,35,64,77246
3891000,1,41,64,77268
3892000,1,46,64,77289
3893000,1,52,64,77310
3894000,1,57,64,77332
3895000,1,29,64,77353
3896000,1,35,64,77384
3897000,1,40,64,77405
3898000,1,46,64,77426
3899000,1,51,64,77446
3900000,1,56,64,77463
3901000,1,30,64,77481
3902000,1,35,64,77501
3903000,1,41,64,77524
3904000,1,46,64,77544
3905000,1,51,64,77559
3906000,1,57,64,77575
3907000,1,29,64,77592
3908000,1,35,64,77613
3909000,1,40,64,77631
3910000,1,46,64,77651
3911000,1,51,64,77670
3912000,1,56,64,77685
3913000,1,30,64,77701
3914000,1,35,64,77722
3915000,1,41,64,77743
3916000,1,46,64,77759
3917000,1,51,64,77776
3918000,1,57,64,77792
3919000,1,30,64,77809
3920000,1,35,64,77824
3921000,1,41,64,77839
3922000,1,46,64,77857
3923000,1,51,64,77893
3924000,1,57,64,77988
3925000,1,30,64,78020
3926000,1,35,64,78042
3927000,1,41,64,78061
3928000,1,46,64,78080
3929000,1,51,64,78096
3930000,1,57,64,78112
3931000,1,30,64,78130
3932000,1,35,64,78146
3933000,1,41,64,78162
3934000,1,46,64,78181
3935000,1,51,64,78213
3936000,1,57,64,78232
3937000,1,30,64,78250
3938000,1,35,64,78267
3939000,1,40,64,78282
3940000,1,46,64,78301
3941000,1,51,64,78317
3942000,1,57,64,78332
3943000,1,29,64,78349
3944000,1,35,64,78366
3945000,1,40,64,78383
3946000,1,46,64,78401
3947000,1,51,64,78416
3948000,1,56,64,78432
3949000,1,29,64,78449
3950000,1,35,64,78479
3951000,1,40,64,78497
3952000,1,46,64,78514
3953000,1,51,64,78534
3954000,1,56,64,78554
3955000,1,30,64,78572
3956000,1,35,64,78597
3957000,1,40,64,78617
3958000,1,46,64,78648
3959000,1,51,64,78679
3960000,1,56,64,78711
3961000,1,30,64,78734
3962000,1,35,64,78750
3963000,1,40,64,78767
3964000,1,46,64,78787
3965000,1,51,64,78807
3966000,1,57,64,78829
3967000,1,29,64,78851
3968000,1,35,64,78867
3969000,1,41,64,78883
3970000,1,46,64,78903
3971000,1,51,64,78922
3972000,1,56,64,78941
3973000,1,30,64,78958
3974000,1,35,64,78975
3975000,1,40,64,78990
3976000,1,46,64,79005
3977000,1,51,64,79020
3978000,1,57,64,79039
3979000,1,29,64,79055
3980000,1,35,64,79074
3981000,1,40,64,79090
3982000,1,46,64,79107
3983000,1,51,64,79128
3984000,1,56,64,79152
3985000,1,30,64,79178
3986000,1,35,64,79193
3987000,1,40,64,79213
3988000,1,46,64,79229
3989000,1,51,64,79244
3990000,1,57,64,79263
3991000,1,29,64,79298
3992000,1,35,64,79335
3993000,1,41,64,79368
3994000,1,46,64,79472
3995000,1,51,64,79525
3996000,1,56,64,79561
3997000,1,30,64,79608
3998000,1,35,64,79632
3999000,1,41,64,79657
4000000,1,46,64,79681
4001000,1,51,64,79702
4002000,1,57,64,79720
4003000,1,30,64,79747
4004000,1,35,64,79780
4005000,1,40,64,79802
4006000,1,46,64,79820
4007000,1,51,64,79838
4008000,1,57,64,79857
4009000,1,30,64,79888
4010000,1,35,64,79915
4011000,1,40,64,79934
4012000,1,46,64,79955
4013000,1,51,64,79977
4014000,1,57,64,79997
4015000,1,30,64,80020
4016000,1,35,64,80045
4017000,1,40,64,80063
4018000,1,46,64,80078
4019000,1,51,64,80094
4020000,1,57,64,80114
4021000,1,30,64,80144
4022000,1,35,64,80164
4023000,1,40,64,80188
4024000,1,46,64,80211
4025000,1,51,64,80229
4026000,1,57,64,80249
4027000,1,29,64,80266
4028000,1,35,64,80283
4029000,1,40,64,80303
4030000,1,46,64,80327
4031000,1,51,64,80346
4032000,1,57,64,80363
4033000,1,30,64,80380
4034000,1,35,64,80396
4035000,1,40,64,80411
4036000,1,46,64,80426
4037000,1,51,64,80444
4038000,1,57,64,80459
4039000,1,30,64,80484
4040000,1,35,64,80500
4041000,1,40,64,80515
4042000,1,46,64,80535
4043000,1,51,64,80552
4044000,1,57,64,80568
4045000,1,30,64,80585
4046000,1,35,64,80601
4047000,1,41,64,80620
4048000,1,46,64,80640
4049000,1,52,64,80661
4050000,1,57,64,80682
4051000,1,30,64,80701
4052000,1,35,64,80719
4053000,1,40,64,80744
4054000,1,46,64,80766
4055000,1,51,64,80785
4056000,1,57,64,80801
4057000,1,30,64,80822
4058000,1,35,64,80844
4059000,1,40,64,80869
4060000,1,46,64,80885
4061000,1,51,64,80901
4062000,1,57,64,80918
4063000,1,30,64,80944
4064000,1,35,64,80965
4065000,1,40,64,80991
4066000,1,46,64,81012
4067000,1,51,64,81031
4068000,1,57,64,81049
4069000,1,30,64,81071
4070000,1,35,64,81089
4071000,1,40,64,81108
4072000,1,46,64,81131
4073000,1,51,64,81153
4074000,1,56,64,81176
4075000,1,30,64,81194
4076000,1,35,64,81211
4077000,1,40,64,81227
4078000,1,46,64,81247
4079000,1,51,64,81264
4080000,1,57,64,81280
4081000,1,30,64,81304
4082000,1,35,64,81322
4083000,1,40,64,81337
4084000,1,46,64,81354
4085000,1,51,64,81370
4086000,1,56,64,81386
4087000,1,30,64,81405
4088000,1,35,64,81420
4089000,1,40,64,81440
4090000,1,46,64,81455
4091000,1,51,64,81478
4092000,1,56,64,81500
4093000,1,29,64,81524
4094000,1,35,64,81542
4095000,1,40,64,81560
4096000,1,46,64,81581
4097000,1,51,64,81597
4098000,1,56,64,81615
4099000,1,30,64,81648
4100000,1,35,64,81664
4101000,1,40,64,81680
4102000,1,46,64,81696
4103000,1,51,64,81714
4104000,1,57,64,81731
4105000,1,29,64,81755
4106000,1,35,64,81775
4107000,1,40,64,81790
4108000,1,46,64,81808
4109000,1,51,64,81834
4110000,1,56,64,81857
4111000,1,30,64,81875
4112000,1,35,64,81892
4113000,1,40,64,81911
4114000,1,46,64,81928
4115000,1,51,64,81946
4116000,1,57,64,81962
4117000,1,30,64,81980
4118000,1,35,64,81997
4119000,1,40,64,82017
4120000,1,46,64,82038
4121000,1,51,64,82071
4122000,1,57,64,82098
4123000,1,30,64,82127
4124000,1,35,64,82154
4125000,1,41,64,82184
4126000,1,46,64,82204
4127000,1,52,64,82224
4128000,1,57,64,82244
4129000,1,29,64,82263
4130000,1,35,64,82280
4131000,1,40,64,82306
4132000,1,46,64,82332
4133000,1,51,64,82357
4134000,1,56,64,82375
4135000,1,30,64,82395
4136000,1,35,64,82414
4137000,1,41,64,82435
4138000,1,46,64,82452
4139000,1,52,64,82471
4140000,1,57,64,82493
4141000,1,29,64,82511
4142000,1,35,64,82526
4143000,1,40,64,82544
4144000,1,46,64,82560
4145000,1,51,64,82576
4146000,1,56,64,82591
4147000,1,30,64,82608
4148000,1,35,64,82623
4149000,1,41,64,82643
4150000,1,46,64,82658
4151000,1,51,64,82679
4152000,1,57,64,82694
4153000,1,29,64,82710
4154000,1,35,64,82725
4155000,1,40,64,82744
4156000,1,46,64,82759
4157000,1,51,64,82773
4158000,1,56,64,82788
4159000,1,30,64,82805
4160000,1,35,64,82828
4161000,1,41,64,82846
4162000,1,46,64,82865
4163000,1,52,64,82882
4164000,1,57,64,82905
4165000,1,29,64,82924
4166000,1,35,64,82946
4167000,1,40,64,82963
4168000,1,46,64,82979
4169000,1,51,64,82997
4170000,1,56,64,83021
4171000,1,30,64,83046
4172000,1,35,64,83066
4173000,1,41,64,83082
4174000,1,46,64,83099
4175000,1,51,64,83117
4176000,1,57,64,83141
4177000,1,29,64,83160
4178000,1,35,64,83180
4179000,1,40,64,83196
4180000,1,45,64,83214
4181000,1,51,64,83229
4182000,1,56,64,83245
4183000,1,30,64,83261
4184000,1,35,64,83276
4185000,1,40,64,83302
4186000,1,46,64,83329
4187000,1,51,64,83345
4188000,1,57,64,83361
4189000,1,29,64,83378
4190000,1,35,64,83394
4191000,1,41,64,83409
4192000,1,45,64,83427
4193000,1,51,64,83442
4194000,1,57,64,83457
4195000,1,29,64,83481
4196000,1,35,64,83505
4197000,1,40,64,83525
4198000,1,46,64,83545
4199000,1,51,64,83565
4200000,1,56,64,83587
4201000,1,30,64,83606
4202000,1,35,64,83625
4203000,1,40,64,83646
4204000,1,46,64,83674
4205000,1,51,64,83690
4206000,1,56,64,83712
4207000,1,29,64,83739
4208000,1,35,64,83758
4209000,1,40,64,83774
4210000,1,45,64,83790
4211000,1,51,64,83808
4212000,1,56,64,83828
4213000,1,30,64,83844
4214000,1,35,64,83859
4215000,1,40,64,83877
4216000,1,46,64,83896
4217000,1,51,64,83913
4218000,1,56,64,83933
4219000,1,30,64,83952
4220000,1,35,64,83974
4221000,1,41,64,83998
4222000,1,46,64,84021
4223000,1,51,64,84039
4224000,1,57,64,84054
4225000,1,30,64,84074
4226000,1,35,64,84089
4227000,1,40,64,84110
4228000,1,46,64,84132
4229000,1,51,64,84155
4230000,1,56,64,84172
4231000,1,29,64,84193
4232000,1,35,64,84212
4233000,1,40,64,84228
4234000,1,46,64,84245
4235000,1,51,64,84262
4236000,1,56,64,84278
4237000,1,30,64,84296
4238000,1,35,64,84312
4239000,1,41,64,84331
4240000,1,46,64,84354
4241000,1,51,64,84375
4242000,1,57,64,84392
4243000,1,30,64,84410
4244000,1,35,64,84429
4245000,1,40,64,84447
4246000,1,46,64,84467
4247000,1,51,64,84487
4248000,1,57,64,84504
4249000,1,30,64,84526
4250000,1,35,64,84551
4251000,1,41,64,84578
4252000,1,46,64,84596
4253000,1,51,64,84613
4254000,1,57,64,84629
4255000,1,30,64,84647
4256000,1,35,64,84662
4257000,1,40,64,84679
4258000,1,46,64,84696
4259000,1,51,64,84718
4260000,1,57,64,84739
4261000,1,30,64,84754
4262000,1,35,64,84771
4263000,1,40,64,84790
4264000,1,46,64,84808
4265000,1,51,64,84832
4266000,1,57,64,84853
4267000,1,30,64,84871
4268000,1,35,64,84886
4269000,1,40,64,84903
4270000,1,46,64,84922
4271000,1,51,64,84938
4272000,1,57,64,84953
4273000,1,30,64,84971
4274000,1,35,64,84989
4275000,1,40,64,85008
4276000,1,46,64,85025
4277000,1,51,64,85049
4278000,1,57,64,85069
4279000,1,30,64,85087
4280000,1,35,64,85105
4281000,1,40,64,85120
4282000,1,46,64,85136
4283000,1,51,64,85155
4284000,1,57,64,85179
4285000,1,30,64,85197
4286000,1,35,64,85213
4287000,1,40,64,85230
4288000,1,46,64,85247
4289000,1,51,64,85263
4290000,1,57,64,85279
4291000,1,30,64,85295
4292000,1,35,64,85311
4293000,1,40,64,85327
4294000,1,46,64,85342
4295000,1,51,64,85363
4296000,1,57,64,85382
4297000,1,29,64,85398
4298000,1,35,64,85415
4299000,1,40,64,85439
4300000,1,46,64,85456
4301000,1,51,64,85475
4302000,1,56,64,85495
4303000,1,30,64,85516
4304000,1,35,64,85533
4305000,1,41,64,85550
4306000,1,46,64,85567
4307000,1,51,64,85585
4308000,1,57,64,85602
4309000,1,30,64,85619
4310000,1,35,64,85637
4311000,1,40,64,85658
4312000,1,45,64,85676
4313000,1,51,64,85692
4314000,1,56,64,85708
4315000,1,29,64,85729
4316000,1,35,64,85746
4317000,1,40,64,85762
4318000,1,45,64,85777
4319000,1,51,64,85792
4320000,1,56,64,85810
4321000,1,29,64,85826
4322000,1,35,64,85842
4323000,1,40,64,85857
4324000,1,45,64,85872
4325000,1,51,64,85887
4326000,1,56,64,85904
4327000,1,30,64,85928
4328000,1,35,64,85943
4329000,1,40,64,85962
4330000,1,46,64,85976
4331000,1,51,64,85993
4332000,1,56,64,86008
4333000,1,30,64,86026
4334000,1,35,64,86046
4335000,1,41,64,86066
4336000,1,46,64,86082
4337000,1,51,64,86097
4338000,1,57,64,86114
4339000,1,30,64,86130
4340000,1,35,64,86150
4341000,1,40,64,86167
4342000,1,46,64,86187
4343000,1,51,64,86205
4344000,1,56,64,86220
4345000,1,29,64,86240
4346000,1,35,64,86256
4347000,1,40,64,86273
4348000,1,45,64,86289
4349000,1,51,64,86306
4350000,1,56,64,86323
4351000,1,30,64,86341
4352000,1,35,64,86358
4353000,1,40,64,86374
4354000,1,46,64,86392
4355000,1,51,64,86410
4356000,1,57,64,86426
4357000,1,30,64,86449
4358000,1,35,64,86470
4359000,1,40,64,86489
4360000,1,46,64,86508
4361000,1,51,64,86524
4362000,1,57,64,86546
4363000,1,30,64,86568
4364000,1,35,64,86585
4365000,1,40,64,86602
4366000,1,46,64,86620
4367000,1,51,64,86641
4368000,1,57,64,86658
4369000,1,30,64,86675
4370000,1,35,64,86694
4371000,1,40,64,86711
4372000,1,46,64,86728
4373000,1,52,64,86743
4374000,1,57,64,86759
4375000,1,30,64,86779
4376000,1,35,64,86796
4377000,1,40,64,86811
4378000,1,46,64,86826
4379000,1,51,64,86842
4380000,1,56,64,86858
4381000,1,30,64,86874
4382000,1,35,64,86893
4383000,1,41,64,86912
4384000,1,46,64,86931
4385000,1,52,64,86946
4386000,1,57,64,86964
4387000,1,29,64,86985
4388000,1,35,64,87005
4389000,1,40,64,87020
4390000,1,46,64,87036
4391000,1,51,64,87050
4392000,1,56,64,87075
4393000,1,30,64,87098
4394000,1,35,64,87121
4395000,1,41,64,87141
4396000,1,46,64,87160
4397000,1,52,64,87189
4398000,1,57,64,87207
4399000,1,30,64,87223
4400000,1,35,64,87239
4401000,1,40,64,87254
4402000,1,46,64,87270
4403000,1,51,64,87287
4404000,1,57,64,87301
4405000,1,30,64,87318
4406000,1,35,64,87335
4407000,1,40,64,87351
4408000,1,46,64,87367
4409000,1,52,64,87383
4410000,1,57,64,87398
4411000,1,29,64,87415
4412000,1,35,64,87433
4413000,1,40,64,87452
4414000,1,46,64,87478
4415000,1,51,64,87494
4416000,1,56,64,87512
4417000,1,30,64,87529
4418000,1,35,64,87546
4419000,1,40,64,87561
4420000,1,46,64,87578
4421000,1,51,64,87605
4422000,1,57,64,87623
4423000,1,30,64,87639
4424000,1,35,64,87654
4425000,1,40,64,87670
4426000,1,46,64,87687
4427000,1,51,64,87702
4428000,1,56,64,87718
4429000,1,29,64,87735
4430000,1,35,64,87752
4431000,1,40,64,87767
4432000,1,45,64,87783
4433000,1,51,64,87802
4434000,1,56,64,87822
4435000,1,29,64,87838
4436000,1,35,64,87855
4437000,1,40,64,87871
4438000,1,46,64,87889
4439000,1,51,64,87906
4440000,1,56,64,87959
4441000,1,30,64,87976
4442000,1,35,64,87991
4443000,1,40,64,88009
4444000,1,46,64,88029
4445000,1,51,64,88045
4446000,1,56,64,88060
4447000,1,30,64,88077
4448000,1,35,64,88093
4449000,1,41,64,88108
4450000,1,46,64,88123
4451000,1,51,64,88138
4452000,1,57,64,88156
4453000,1,30,64,88173
4454000,1,35,64,88189
4455000,1,40,64,88207
4456000,1,46,64,88223
4457000,1,51,64,88239
4458000,1,56,64,88255
4459000,1,29,64,88271
4460000,1,35,64,88286
4461000,1,40,64,88303
4462000,1,45,64,88319
4463000,1,51,64,88341
4464000,1,56,64,88363
4465000,1,29,64,88382
4466000,1,35,64,88400
4467000,1,40,64,88417
4468000,1,46,64,88435
4469000,1,51,64,88451
4470000,1,57,64,88475
4471000,1,29,64,88500
4472000,1,35,64,88523
4473000,1,40,64,88542
4474000,1,46,64,88563
4475000,1,51,64,88582
4476000,1,56,64,88601
4477000,1,29,64,88619
4478000,1,35,64,88641
4479000,1,40,64,88658
4480000,1,46,64,88676
4481000,1,51,64,88694
4482000,1,56,64,88713
4483000,1,30,64,88733
4484000,1,35,64,88751
4485000,1,41,64,88769
4486000,1,46,64,88788
4487000,1,52,64,88807
4488000,1,57,64,88825
4489000,1,29,64,88843
4490000,1,35,64,88859
4491000,1,40,64,88877
4492000,1,46,64,88893
4493000,1,51,64,88910
4494000,1,56,64,88927
4495000,1,30,64,88945
4496000,1,35,64,88964
4497000,1,41,64,88981
4498000,1,46,64,88997
4499000,1,51,64,89014
4500000,1,57,64,89036
4501000,1,30,64,89067
4502000,1,35,64,89085
4503000,1,41,64,89100
4504000,1,46,64,89116
4505000,1,51,64,89131
4506000,1,57,64,89147
4507000,1,30,64,89166
4508000,1,35,64,89183
4509000,1,41,64,89200
4510000,1,46,64,89217
4511000,1,51,64,89234
4512000,1,57,64,89249
4513000,1,30,64,89266
4514000,1,35,64,89282
4515000,1,41,64,89300
4516000,1,46,64,89316
4517000,1,51,64,89331
4518000,1,57,64,89349
4519000,1,30,64,89366
4520000,1,35,64,89381
4521000,1,41,64,89397
4522000,1,46,64,89414
4523000,1,52,64,89431
4524000,1,57,64,89447
4525000,1,29,64,89466
4526000,1,35,64,89486
4527000,1,40,64,89504
4528000,1,46,64,89521
4529000,1,51,64,89538
4530000,1,56,64,89554
4531000,1,30,64,89571
4532000,1,35,64,89590
4533000,1,40,64,89606
4534000,1,46,64,89621
4535000,1,51,64,89637
4536000,1,57,64,89654
4537000,1,30,64,89671
4538000,1,35,64,89686
4539000,1,41,64,89702
4540000,1,46,64,89720
4541000,1,52,64,89735
4542000,1,57,64,89750
4543000,1,29,64,89767
4544000,1,35,64,89782
4545000,1,40,64,89798
4546000,1,45,64,89814
4547000,1,51,64,89829
4548000,1,56,64,89844
4549000,1,29,64,89863
4550000,1,35,64,89879
4551000,1,40,64,89896
4552000,1,46,64,89913
4553000,1,51,64,89928
4554000,1,56,64,89943
4555000,1,30,64,89959
4556000,1,35,64,89975
4557000,1,40,64,89990
4558000,1,46,64,90009
4559000,1,51,64,90028
4560000,1,56,64,90046
4561000,1,30,64,90061
4562000,1,35,64,90076
4563000,1,41,64,90092
4564000,1,46,64,90110
4565000,1,51,64,90134
4566000,1,57,64,90157
4567000,1,29,64,90174
4568000,1,35,64,90192
4569000,1,40,64,90209
4570000,1,46,64,90228
4571000,1,51,64,90246
4572000,1,56,64,90261
4573000,1,29,64,90278
4574000,1,35,64,90294
4575000,1,40,64,90309
4576000,1,45,64,90326
4577000,1,51,64,90342
4578000,1,56,64,90359
4579000,1,30,64,90376
4580000,1,35,64,90391
4581000,1,40,64,90408
4582000,1,46,64,90428
4583000,1,51,64,90446
4584000,1,56,64,90468
4585000,1,30,64,90490
4586000,1,35,64,90507
4587000,1,41,64,90525
4588000,1,46,64,90546
4589000,1,51,64,90563
4590000,1,57,64,90581
4591000,1,30,64,90603
4592000,1,35,64,90620
4593000,1,40,64,90637
4594000,1,46,64,90657
4595000,1,51,64,90675
4596000,1,57,64,90692
4597000,1,30,64,90710
4598000,1,35,64,90727
4599000,1,40,64,90749
4600000,1,46,64,90767
4601000,1,51,64,90783
4602000,1,57,64,90805
4603000,1,30,64,90822
4604000,1,35,64,90840
4605000,1,40,64,90862
4606000,1,46,64,90881
4607000,1,51,64,90899
4608000,1,57,64,90915
4609000,1,30,64,90932
4610000,1,35,64,90947
4611000,1,40,64,90964
4612000,1,46,64,90981
4613000,1,51,64,91001
4614000,1,57,64,91016
4615000,1,30,64,91033
4616000,1,35,64,91049
4617000,1,40,64,91065
4618000,1,46,64,91082
4619000,1,52,64,91097
4620000,1,57,64,91112
4621000,1,30,64,91133
4622000,1,35,64,91149
4623000,1,40,64,91165
4624000,1,46,64,91182
4625000,1,51,64,91199
4626000,1,57,64,91216
4627000,1,30,64,91232
4628000,1,35,64,91247
4629000,1,40,64,91262
4630000,1,46,64,91277
4631000,1,52,64,91294
4632000,1,57,64,91314
4633000,1,30,64,91332
4634000,1,35,64,91347
4635000,1,40,64,91364
4636000,1,46,64,91381
4637000,1,51,64,91396
4638000,1,57,64,91412
4639000,1,30,64,91429
4640000,1,35,64,91448
4641000,1,40,64,91466
4642000,1,46,64,91484
4643000,1,51,64,91500
4644000,1,57,64,91516
4645000,1,30,64,91532
4646000,1,35,64,91548
4647000,1,40,64,91565
4648000,1,46,64,91584
4649000,1,51,64,91600
4650000,1,57,64,91616
4651000,1,30,64,91634
4652000,1,35,64,91649
4653000,1,41,64,91665
4654000,1,46,64,91681
4655000,1,51,64,91698
4656000,1,57,64,91714
4657000,1,29,64,91731
4658000,1,35,64,91747
4659000,1,40,64,91763
4660000,1,45,64,91780
4661000,1,51,64,91796
4662000,1,56,64,91811
4663000,1,30,64,91828
4664000,1,35,64,91844
4665000,1,40,64,91859
4666000,1,46,64,91878
4667000,1,51,64,91897
4668000,1,56,64,91913
4669000,1,30,64,91932
4670000,1,35,64,91952
4671000,1,40,64,91967
4672000,1,46,64,91988
4673000,1,51,64,92003
4674000,1,56,64,92021
4675000,1,30,64,92043
4676000,1,35,64,92080
4677000,1,41,64,92106
4678000,1,46,64,92122
4679000,1,51,64,92140
4680000,1,57,64,92159
4681000,1,29,64,92178
4682000,1,35,64,92197
4683000,1,40,64,92214
4684000,1,46,64,92229
4685000,1,51,64,92244
4686000,1,56,64,92261
4687000,1,29,64,92279
4688000,1,35,64,92300
4689000,1,40,64,92317
4690000,1,45,64,92333
4691000,1,51,64,92348
4692000,1,56,64,92364
4693000,1,30,64,92381
4694000,1,35,64,92398
4695000,1,40,64,92414
4696000,1,46,64,92430
4697000,1,51,64,92449
4698000,1,56,64,92469
4699000,1,30,64,92489
4700000,1,35,64,92512
4701000,1,41,64,92536
4702000,1,46,64,92555
4703000,1,51,64,92576
4704000,1,57,64,92594
4705000,1,30,64,92620
4706000,1,35,64,92637
4707000,1,40,64,92654
4708000,1,46,64,92674
4709000,1,51,64,92690
4710000,1,57,64,92707
4711000,1,30,64,92724
4712000,1,35,64,92749
4713000,1,40,64,92770
4714000,1,46,64,92792
4715000,1,51,64,92810
4716000,1,57,64,92828
4717000,1,30,64,92846
4718000,1,35,64,92863
4719000,1,41,64,92882
4720000,1,46,64,92906
4721000,1,52,64,92930
4722000,1,57,64,92950
4723000,1,29,64,92970
4724000,1,35,64,92992
4725000,1,40,64,93019
4726000,1,46,64,93035
4727000,1,51,64,93054
4728000,1,56,64,93069
4729000,1,30,64,93086
4730000,1,35,64,93106
4731000,1,41,64,93121
4732000,1,46,64,93137
4733000,1,51,64,93154
4734000,1,57,64,93179
4735000,1,29,64,93202
4736000,1,35,64,93220
4737000,1,40,64,93236
4738000,1,46,64,93252
4739000,1,51,64,93266
4740000,1,56,64,93282
4741000,1,30,64,93298
4742000,1,35,64,93313
4743000,1,41,64,93327
4744000,1,46,64,93350
4745000,1,51,64,93365
4746000,1,57,64,93380
4747000,1,29,64,93395
4748000,1,35,64,93413
4749000,1,40,64,93432
4750000,1,46,64,93451
4751000,1,51,64,93478
4752000,1,56,64,93502
4753000,1,30,64,93524
4754000,1,35,64,93540
4755000,1,41,64,93562
4756000,1,46,64,93582
4757000,1,52,64,93597
4758000,1,57,64,93615
4759000,1,29,64,93636
4760000,1,35,64,93664
4761000,1,40,64,93689
4762000,1,46,64,93705
4763000,1,51,64,93720
4764000,1,57,64,93735
4765000,1,30,64,93752
4766000,1,35,64,93771
4767000,1,41,64,93794
4768000,1,46,64,93816
4769000,1,51,64,93833
4770000,1,57,64,93849
4771000,1,30,64,93877
4772000,1,35,64,93892
4773000,1,40,64,93908
4774000,1,46,64,93927
4775000,1,51,64,93947
4776000,1,57,64,93967
4777000,1,30,64,93985
4778000,1,35,64,94001
4779000,1,40,64,94016
4780000,1,46,64,94031
4781000,1,51,64,94050
4782000,1,56,64,94067
4783000,1,30,64,94083
4784000,1,35,64,94097
4785000,1,40,64,94114
4786000,1,46,64,94132
4787000,1,51,64,94152
4788000,1,57,64,94178
4789000,1,29,64,94196
4790000,1,35,64,94213
4791000,1,40,64,94227
4792000,1,45,64,94242
4793000,1,51,64,94259
4794000,1,56,64,94275
4795000,1,30,64,94291
4796000,1,35,64,94306
4797000,1,40,64,94321
4798000,1,46,64,94338
4799000,1,51,64,94361
4800000,1,56,64,94385
4801000,1,30,64,94402
4802000,1,35,64,94418
4803000,1,41,64,94433
4804000,1,46,64,94449
4805000,1,51,64,94469
4806000,1,57,64,94489
4807000,1,30,64,94517
4808000,1,35,64,94535
4809000,1,40,64,94550
4810000,1,46,64,94566
4811000,1,51,64,94587
4812000,1,56,64,94604
4813000,1,30,64,94622
4814000,1,35,64,94642
4815000,1,41,64,94657
4816000,1,46,64,94673
4817000,1,51,64,94694
4818000,1,57,64,94716
4819000,1,30,64,94733
4820000,1,35,64,94757
4821000,1,40,64,94782
4822000,1,46,64,94804
4823000,1,51,64,94824
4824000,1,56,64,94845
4825000,1,29,64,94863
4826000,1,35,64,94882
4827000,1,40,64,94900
4828000,1,46,64,94918
4829000,1,51,64,94934
4830000,1,56,64,94957
4831000,1,30,64,94977
4832000,1,35,64,94994
4833000,1,41,64,95020
4834000,1,46,64,95041
4835000,1,51,64,95058
4836000,1,57,64,95077
4837000,1,30,64,95094
4838000,1,35,64,95114
4839000,1,41,64,95134
4840000,1,46,64,95155
4841000,1,51,64,95175
4842000,1,57,64,95198
4843000,1,30,64,95217
4844000,1,35,64,95234
4845000,1,41,64,95250
4846000,1,46,64,95265
4847000,1,51,64,95281
4848000,1,57,64,95302
4849000,1,29,64,95320
4850000,1,35,64,95336
4851000,1,40,64,95352
4852000,1,45,64,95367
4853000,1,51,64,95382
4854000,1,56,64,95399
4855000,1,30,64,95416
4856000,1,35,64,95433
4857000,1,41,64,95448
4858000,1,46,64,95466
4859000,1,51,64,95487
4860000,1,57,64,95504
4861000,1,30,64,95521
4862000,1,35,64,95537
4863000,1,40,64,95552
4864000,1,46,64,95569
4865000,1,51,64,95583
4866000,1,57,64,95598
4867000,1,30,64,95614
4868000,1,35,64,95628
4869000,1,41,64,95647
4870000,1,46,64,95667
4871000,1,51,64,95683
4872000,1,57,64,95698
4873000,1,30,64,95717
4874000,1,35,64,95733
4875000,1,41,64,95748
4876000,1,46,64,95766
4877000,1,51,64,95787
4878000,1,57,64,95806
4879000,1,30,64,95822
4880000,1,35,64,95843
4881000,1,41,64,95861
4882000,1,46,64,95882
4883000,1,51,64,95903
4884000,1,57,64,95923
4885000,1,30,64,95940
4886000,1,35,64,95956
4887000,1,40,64,95976
4888000,1,46,64,95997
4889000,1,51,64,96013
4890000,1,57,64,96028
4891000,1,29,64,96045
4892000,1,35,64,96065
4893000,1,40,64,96080
4894000,1,46,64,96096
4895000,1,51,64,96114
4896000,1,56,64,96139
4897000,1,30,64,96154
4898000,1,35,64,96170
4899000,1,41,64,96188
4900000,1,46,64,96204
4901000,1,51,64,96219
4902000,1,57,64,96234
4903000,1,29,64,96253
4904000,1,35,64,96267
4905000,1,40,64,96285
4906000,1,45,64,96300
4907000,1,51,64,96315
4908000,1,56,64,96335
4909000,1,30,64,96355
4910000,1,35,64,96371
4911000,1,40,64,96389
4912000,1,46,64,96405
4913000,1,51,64,96424
4914000,1,56,64,96442
4915000,1,29,64,96464
4916000,1,35,64,96488
4917000,1,40,64,96506
4918000,1,45,64,96523
4919000,1,51,64,96546
4920000,1,56,64,96563
4921000,1,30,64,96580
4922000,1,35,64,96596
4923000,1,40,64,96615
4924000,1,46,64,96631
4925000,1,51,64,96649
4926000,1,56,64,96665
4927000,1,30,64,96686
4928000,1,35,64,96702
4929000,1,41,64,96717
4930000,1,46,64,96732
4931000,1,51,64,96753
4932000,1,57,64,96769
4933000,1,30,64,96787
4934000,1,35,64,96803
4935000,1,40,64,96820
4936000,1,46,64,96837
4937000,1,51,64,96853
4938000,1,56,64,96877
4939000,1,29,64,96896
4940000,1,35,64,96911
4941000,1,40,64,96933
4942000,1,45,64,96953
4943000,1,51,64,96970
4944000,1,56,64,96987
4945000,1,30,64,97004
4946000,1,35,64,97025
4947000,1,40,64,97042
4948000,1,46,64,97063
4949000,1,51,64,97084
4950000,1,57,64,97106
4951000,1,30,64,97122
4952000,1,35,64,97139
4953000,1,40,64,97163
4954000,1,46,64,97191
4955000,1,51,64,97212
4956000,1,57,64,97229
4957000,1,30,64,97247
4958000,1,35,64,97266
4959000,1,40,64,97289
4960000,1,46,64,97312
4961000,1,51,64,97330
4962000,1,57,64,97346
4963000,1,30,64,97362
4964000,1,35,64,97381
4965000,1,41,64,97399
4966000,1,46,64,97416
4967000,1,52,64,97434
4968000,1,57,64,97451
4969000,1,29,64,97469
4970000,1,35,64,97486
4971000,1,40,64,97506
4972000,1,46,64,97521
4973000,1,51,64,97537
4974000,1,57,64,97555
4975000,1,30,64,97574
4976000,1,35,64,97590
4977000,1,40,64,97606
4978000,1,46,64,97623
4979000,1,52,64,97638
4980000,1,57,64,97655
4981000,1,29,64,97670
4982000,1,35,64,97686
4983000,1,40,64,97707
4984000,1,46,64,97726
4985000,1,51,64,97740
4986000,1,57,64,97755
4987000,1,30,64,97773
4988000,1,35,64,97796
4989000,1,41,64,97812
4990000,1,46,64,97835
4991000,1,52,64,97852
4992000,1,57,64,97867
4993000,1,30,64,97883
4994000,1,35,64,97899
4995000,1,40,64,97915
4996000,1,46,64,97931
4997000,1,51,64,97946
4998000,1,57,64,97963
4999000,1,30,64,97978
5000000,1,35,64,97992
5001000,1,41,64,98008
5002000,1,46,64,98033
5003000,1,52,64,98051
5004000,1,57,64,98066
5005000,1,29,64,98082
5006000,1,35,64,98098
5007000,1,40,64,98114
5008000,1,45,64,98131
5009000,1,51,64,98155
5010000,1,56,64,98174
5011000,1,30,64,98192
5012000,1,35,64,98209
5013000,1,40,64,98227
5014000,1,46,64,98242
5015000,1,51,64,98257
5016000,1,57,64,98273
5017000,1,30,64,98289
5018000,1,35,64,98304
5019000,1,40,64,98319
5020000,1,46,64,98334
5021000,1,51,64,98351
5022000,1,56,64,98365
5023000,1,30,64,98383
5024000,1,35,64,98400
5025000,1,40,64,98416
5026000,1,46,64,98432
5027000,1,51,64,98447
5028000,1,56,64,98463
5029000,1,29,64,98488
5030000,1,35,64,98506
5031000,1,40,64,98532
5032000,1,45,64,98549
5033000,1,51,64,98567
5034000,1,56,64,98584
5035000,1,29,64,98606
5036000,1,35,64,98631
5037000,1,40,64,98646
5038000,1,46,64,98662
5039000,1,51,64,98684
5040000,1,56,64,98700
5041000,1,30,64,98724
5042000,1,35,64,98741
5043000,1,40,64,98759
5044000,1,46,64,98776
5045000,1,51,64,98795
5046000,1,57,64,98811
5047000,1,30,64,98827
5048000,1,35,64,98843
5049000,1,41,64,98859
5050000,1,46,64,98878
5051000,1,52,64,98894
5052000,1,57,64,98909
5053000,1,30,64,98926
5054000,1,35,64,98949
5055000,1,40,64,98966
5056000,1,46,64,98984
5057000,1,51,64,99005
5058000,1,57,64,99023
5059000,1,29,64,99039
5060000,1,35,64,99061
5061000,1,40,64,99079
5062000,1,46,64,99096
5063000,1,51,64,99112
5064000,1,56,64,99130
5065000,1,30,64,99150
5066000,1,35,64,99169
5067000,1,41,64,99189
5068000,1,46,64,99209
5069000,1,52,64,99226
5070000,1,57,64,99243
5071000,1,29,64,99262
5072000,1,35,64,99280
5073000,1,40,64,99298
5074000,1,46,64,99316
5075000,1,51,64,99333
5076000,1,56,64,99352
5077000,1,30,64,99374
5078000,1,35,64,99392
5079000,1,41,64,99412
5080000,1,46,64,99434
5081000,1,52,64,99449
5082000,1,57,64,99466
5083000,1,29,64,99484
5084000,1,35,64,99505
5085000,1,40,64,99522
5086000,1,46,64,99541
5087000,1,51,64,99560
5088000,1,56,64,99578
5089000,1,30,64,99594
5090000,1,35,64,99609
5091000,1,41,64,99625
5092000,1,46,64,99641
5093000,1,52,64,99656
5094000,1,57,64,99673
5095000,1,29,64,99690
5096000,1,35,64,99707
5097000,1,40,64,99729
5098000,1,46,64,99753
5099000,1,51,64,99767
5100000,1,56,64,99788
5101000,1,30,64,99803
5102000,1,35,64,99818
5103000,1,41,64,99835
5104000,1,46,64,99850
5105000,1,51,64,99867
5106000,1,57,64,99884
5107000,1,30,64,99901
5108000,1,35,64,99916
5109000,1,41,64,99932
5110000,1,46,64,99947
5111000,1,52,64,99962
5112000,1,57,64,99979
5113000,1,30,64,99997
5114000,1,35,64,100018
5115000,1,41,64,100034
5116000,1,46,64,100050
5117000,1,52,64,100066
5118000,1,57,64,100081
5119000,1,29,64,100098
5120000,1,35,64,100113
5121000,1,40,64,100134
5122000,1,45,64,100149
5123000,1,51,64,100165
5124000,1,56,64,100184
5125000,1,30,64,100205
5126000,1,35,64,100225
5127000,1,40,64,100241
5128000,1,46,64,100257
5129000,1,51,64,100271
5130000,1,57,64,100287
5131000,1,29,64,100305
5132000,1,35,64,100322
5133000,1,40,64,100343
5134000,1,46,64,100360
5135000,1,51,64,100377
5136000,1,57,64,100392
5137000,1,30,64,100409
5138000,1,35,64,100429
5139000,1,40,64,100449
5140000,1,46,64,100466
5141000,1,51,64,100488
5142000,1,56,64,100505
5143000,1,29,64,100525
5144000,1,35,64,100551
5145000,1,40,64,100570
5146000,1,45,64,100590
5147000,1,51,64,100610
5148000,1,56,64,100628
5149000,1,29,64,100647
5150000,1,35,64,100666
5151000,1,40,64,100683
5152000,1,46,64,100699
5153000,1,51,64,100716
5154000,1,56,64,100735
5155000,1,30,64,100751
5156000,1,35,64,100767
5157000,1,40,64,100782
5158000,1,46,64,100797
5159000,1,51,64,100812
5160000,1,57,64,100827
5161000,1,30,64,100846
5162000,1,35,64,100865
5163000,1,41,64,100881
5164000,1,46,64,100896
5165000,1,51,64,100911
5166000,1,57,64,100928
5167000,1,30,64,100944
5168000,1,35,64,100960
5169000,1,40,64,100976
5170000,1,46,64,100991
5171000,1,51,64,101006
5172000,1,57,64,101024
5173000,1,29,64,101042
5174000,1,35,64,101059
5175000,1,40,64,101075
5176000,1,46,64,101093
5177000,1,51,64,101110
5178000,1,56,64,101132
5179000,1,30,64,101154
5180000,1,35,64,101174
5181000,1,41,64,101196
5182000,1,46,64,101213
5183000,1,51,64,101231
5184000,1,57,64,101253
5185000,1,30,64,101273
5186000,1,35,64,101291
5187000,1,40,64,101308
5188000,1,46,64,101325
5189000,1,51,64,101346
5190000,1,57,64,101367
5191000,1,30,64,101386
5192000,1,35,64,101405
5193000,1,41,64,101423
5194000,1,46,64,101439
5195000,1,51,64,101459
5196000,1,57,64,101482
5197000,1,30,64,101501
5198000,1,35,64,101518
5199000,1,40,64,101542
5200000,1,46,64,101560
5201000,1,51,64,101574
5202000,1,57,64,101591
5203000,1,30,64,101608
5204000,1,35,64,101634
5205000,1,40,64,101649
5206000,1,46,64,101666
5207000,1,51,64,101682
5208000,1,57,64,101699
5209000,1,30,64,101714
5210000,1,35,64,101729
5211000,1,40,64,101745
5212000,1,46,64,101760
5213000,1,51,64,101775
5214000,1,57,64,101789
5215000,1,30,64,101805
5216000,1,35,64,101822
5217000,1,40,64,101837
5218000,1,46,64,101851
5219000,1,51,64,101866
5220000,1,57,64,101882
5221000,1,30,64,101898
5222000,1,35,64,101912
5223000,1,41,64,101930
5224000,1,46,64,101947
5225000,1,51,64,101963
5226000,1,57,64,101979
5227000,1,30,64,101996
5228000,1,35,64,102013
5229000,1,41,64,102033
5230000,1,46,64,102053
5231000,1,51,64,102084
5232000,1,57,64,102100
5233000,1,30,64,102118
5234000,1,35,64,102140
5235000,1,40,64,102157
5236000,1,46,64,102174
5237000,1,51,64,102191
5238000,1,57,64,102212
5239000,1,29,64,102230
5240000,1,35,64,102248
5241000,1,40,64,102263
5242000,1,46,64,102279
5243000,1,51,64,102297
5244000,1,56,64,102313
5245000,1,30,64,102331
5246000,1,35,64,102347
5247000,1,41,64,102362
5248000,1,46,64,102379
5249000,1,51,64,102398
5250000,1,57,64,102413
5251000,1,30,64,102432
5252000,1,35,64,102448
5253000,1,40,64,102467
5254000,1,46,64,102490
5255000,1,51,64,102511
5256000,1,56,64,102530
5257000,1,29,64,102550
5258000,1,35,64,102568
5259000,1,40,64,102588
5260000,1,45,64,102607
5261000,1,51,64,102624
5262000,1,56,64,102642
5263000,1,29,64,102659
5264000,1,35,64,102675
5265000,1,40,64,102690
5266000,1,46,64,102707
5267000,1,51,64,102722
5268000,1,56,64,102738
5269000,1,30,64,102755
5270000,1,35,64,102770
5271000,1,40,64,102785
5272000,1,46,64,102800
5273000,1,51,64,102815
5274000,1,57,64,102831
5275000,1,30,64,102848
5276000,1,35,64,102864
5277000,1,41,64,102881
5278000,1,46,64,102897
5279000,1,51,64,102915
5280000,1,57,64,102933
5281000,1,30,64,102950
5282000,1,35,64,102972
5283000,1,40,64,102988
5284000,1,46,64,103007
5285000,1,51,64,103027
5286000,1,57,64,103047
5287000,1,29,64,103064
5288000,1,35,64,103080
5289000,1,40,64,103099
5290000,1,46,64,103115
5291000,1,51,64,103132
5292000,1,56,64,103147
5293000,1,30,64,103164
5294000,1,35,64,103182
5295000,1,40,64,103200
5296000,1,46,64,103218
5297000,1,51,64,103235
5298000,1,57,64,103251
5299000,1,30,64,103269
5300000,1,35,64,103285
5301000,1,41,64,103302
5302000,1,46,64,103323
5303000,1,52,64,103343
5304000,1,57,64,103363
5305000,1,29,64,103382
5306000,1,35,64,103402
5307000,1,40,64,103430
5308000,1,46,64,103466
5309000,1,51,64,103514
5310000,1,57,64,103540
5311000,1,30,64,103559
5312000,1,35,64,103581
5313000,1,41,64,103603
5314000,1,46,64,103623
5315000,1,52,64,103652
5316000,1,57,64,103671
5317000,1,29,64,103689
5318000,1,35,64,103707
5319000,1,40,64,103723
5320000,1,46,64,103742
5321000,1,51,64,103760
5322000,1,56,64,103776
5323000,1,30,64,103792
5324000,1,35,64,103808
5325000,1,41,64,103823
5326000,1,46,64,103840
5327000,1,51,64,103855
5328000,1,57,64,103870
5329000,1,29,64,103886
5330000,1,35,64,103903
5331000,1,40,64,103919
5332000,1,46,64,103936
5333000,1,51,64,103951
5334000,1,56,64,103967
5335000,1,30,64,103983
5336000,1,35,64,103998
5337000,1,41,64,104014
5338000,1,46,64,104029
5339000,1,51,64,104044
5340000,1,57,64,104060
5341000,1,29,64,104077
5342000,1,35,64,104094
5343000,1,40,64,104109
5344000,1,46,64,104125
5345000,1,51,64,104141
5346000,1,57,64,104157
5347000,1,30,64,104173
5348000,1,35,64,104190
5349000,1,41,64,104207
5350000,1,46,64,104224
5351000,1,52,64,104241
5352000,1,57,64,104256
5353000,1,29,64,104276
5354000,1,35,64,104347
5355000,1,40,64,104377
5356000,1,46,64,104407
5357000,1,51,64,104426
5358000,1,56,64,104447
5359000,1,30,64,104473
5360000,1,35,64,104500
5361000,1,40,64,104524
5362000,1,46,64,104544
5363000,1,51,64,104566
5364000,1,57,64,104584
5365000,1,30,64,104607
5366000,1,35,64,104630
5367000,1,41,64,104660
5368000,1,46,64,104695
5369000,1,52,64,104754
5370000,1,57,64,104787
5371000,1,29,64,104845
5372000,1,35,64,104900
5373000,1,40,64,104947
5374000,1,45,64,104976
5375000,1,51,64,104996
5376000,1,56,64,105021
5377000,1,29,64,105047
5378000,1,35,64,105095
5379000,1,40,64,105127
5380000,1,46,64,105147
5381000,1,51,64,105167
5382000,1,56,64,105189
5383000,1,30,64,105211
5384000,1,35,64,105231
5385000,1,40,64,105250
5386000,1,46,64,105268
5387000,1,51,64,105299
5388000,1,56,64,105319
5389000,1,30,64,105339
5390000,1,35,64,105356
5391000,1,41,64,105375
5392000,1,46,64,105393
5393000,1,51,64,105412
5394000,1,57,64,105430
5395000,1,29,64,105449
5396000,1,35,64,105481
5397000,1,40,64,105507
5398000,1,46,64,105529
5399000,1,51,64,105548
5400000,1,56,64,105571
5401000,1,29,64,105591
5402000,1,35,64,105608
5403000,1,40,64,105626
5404000,1,45,64,105643
5405000,1,51,64,105660
5406000,1,56,64,105679
5407000,1,30,64,105697
5408000,1,35,64,105727
5409000,1,40,64,105747
5410000,1,46,64,105763
5411000,1,51,64,105780
5412000,1,56,64,105805
5413000,1,30,64,105822
5414000,1,35,64,105840
5415000,1,41,64,105857
5416000,1,46,64,105875
5417000,1,51,64,105892
5418000,1,57,64,105910
5419000,1,30,64,105928
5420000,1,35,64,105947
5421000,1,40,64,105971
5422000,1,46,64,105989
5423000,1,51,64,106006
5424000,1,57,64,106024
5425000,1,30,64,106043
5426000,1,35,64,106060
5427000,1,41,64,106079
5428000,1,46,64,106097
5429000,1,51,64,106116
5430000,1,57,64,106134
5431000,1,30,64,106158
5432000,1,35,64,106177
5433000,1,40,64,106196
5434000,1,46,64,106215
5435000,1,51,64,106233
5436000,1,57,64,106251
5437000,1,30,64,106268
5438000,1,35,64,106285
5439000,1,40,64,106302
5440000,1,46,64,106320
5441000,1,51,64,106336
5442000,1,57,64,106352
5443000,1,30,64,106369
5444000,1,35,64,106386
5445000,1,41,64,106402
5446000,1,46,64,106418
5447000,1,51,64,106434
5448000,1,57,64,106449
5449000,1,30,64,106472
5450000,1,35,64,106488
5451000,1,40,64,106503
5452000,1,46,64,106518
5453000,1,51,64,106533
5454000,1,57,64,106550
5455000,1,30,64,106565
5456000,1,35,64,106581
5457000,1,41,64,106595
5458000,1,46,64,106614
5459000,1,52,64,106632
5460000,1,57,64,106649
5461000,1,30,64,106666
5462000,1,35,64,106682
5463000,1,40,64,106704
5464000,1,46,64,106720
5465000,1,51,64,106736
5466000,1,57,64,106752
5467000,1,30,64,106768
5468000,1,35,64,106784
5469000,1,40,64,106800
5470000,1,46,64,106817
5471000,1,51,64,106832
5472000,1,57,64,106847
5473000,1,30,64,106866
5474000,1,35,64,106884
5475000,1,40,64,106907
5476000,1,46,64,106928
5477000,1,51,64,106947
5478000,1,56,64,106962
5479000,1,30,64,106978
5480000,1,35,64,106994
5481000,1,41,64,107018
5482000,1,46,64,107043
5483000,1,51,64,107064
5484000,1,57,64,107083
5485000,1,30,64,107102
5486000,1,35,64,107118
5487000,1,41,64,107133
5488000,1,46,64,107150
5489000,1,51,64,107168
5490000,1,57,64,107184
5491000,1,29,64,107202
5492000,1,35,64,107219
5493000,1,40,64,107235
5494000,1,45,64,107251
5495000,1,51,64,107267
5496000,1,56,64,107283
5497000,1,30,64,107299
5498000,1,35,64,107315
5499000,1,40,64,107329
5500000,1,46,64,107346
5501000,1,51,64,107363
5502000,1,56,64,107381
5503000,1,30,64,107399
5504000,1,35,64,107415
5505000,1,40,64,107432
5506000,1,46,64,107451
5507000,1,51,64,107470
5508000,1,57,64,107489
5509000,1,30,64,107509
5510000,1,35,64,107527
5511000,1,41,64,107545
5512000,1,46,64,107562
5513000,1,51,64,107580
5514000,1,57,64,107598
5515000,1,30,64,107616
5516000,1,35,64,107633
5517000,1,40,64,107653
5518000,1,46,64,107670
5519000,1,51,64,107686
5520000,1,56,64,107704
5521000,1,29,64,107721
5522000,1,35,64,107737
5523000,1,40,64,107752
5524000,1,46,64,107770
5525000,1,51,64,107785
5526000,1,56,64,107801
5527000,1,30,64,107818
5528000,1,35,64,107834
5529000,1,40,64,107850
5530000,1,46,64,107868
5531000,1,51,64,107884
5532000,1,57,64,107900
5533000,1,30,64,107918
5534000,1,35,64,107935
5535000,1,40,64,107951
5536000,1,46,64,107982
5537000,1,51,64,108004
5538000,1,57,64,108022
5539000,1,29,64,108045
5540000,1,35,64,108063
5541000,1,40,64,108080
5542000,1,46,64,108099
5543000,1,51,64,108125
5544000,1,57,64,108146
5545000,1,30,64,108165
5546000,1,35,64,108182
5547000,1,41,64,108209
5548000,1,46,64,108228
5549000,1,51,64,108248
5550000,1,57,64,108269
5551000,1,29,64,108288
5552000,1,35,64,108305
5553000,1,40,64,108322
5554000,1,46,64,108338
5555000,1,51,64,108354
5556000,1,56,64,108370
5557000,1,30,64,108392
5558000,1,35,64,108409
5559000,1,41,64,108424
5560000,1,46,64,108440
5561000,1,51,64,108455
5562000,1,57,64,108477
5563000,1,29,64,108495
5564000,1,35,64,108518
5565000,1,40,64,108535
5566000,1,46,64,108551
5567000,1,51,64,108566
5568000,1,56,64,108593
5569000,1,30,64,108608
5570000,1,35,64,108625
5571000,1,41,64,108640
5572000,1,46,64,108660
5573000,1,51,64,108676
5574000,1,57,64,108690
5575000,1,30,64,108706
5576000,1,35,64,108720
5577000,1,41,64,108736
5578000,1,46,64,108754
5579000,1,51,64,108770
5580000,1,57,64,108785
5581000,1,30,64,108801
5582000,1,35,64,108818
5583000,1,41,64,108836
5584000,1,46,64,108854
5585000,1,52,64,108869
5586000,1,57,64,108884
5587000,1,30,64,108900
5588000,1,35,64,108921
5589000,1,41,64,108936
5590000,1,46,64,108951
5591000,1,51,64,108970
5592000,1,57,64,108986
5593000,1,30,64,109002
5594000,1,35,64,109018
5595000,1,40,64,109033
5596000,1,46,64,109049
5597000,1,51,64,109065
5598000,1,57,64,109081
5599000,1,30,64,109098
5600000,1,35,64,109115
5601000,1,41,64,109129
5602000,1,46,64,109144
5603000,1,52,64,109161
5604000,1,57,64,109180
5605000,1,29,64,109202
5606000,1,35,64,109220
5607000,1,40,64,109236
5608000,1,45,64,109259
5609000,1,51,64,109285
5610000,1,56,64,109303
5611000,1,29,64,109320
5612000,1,35,64,109335
5613000,1,40,64,109351
5614000,1,46,64,109368
5615000,1,51,64,109384
5616000,1,56,64,109399
5617000,1,30,64,109414
5618000,1,35,64,109430
5619000,1,40,64,109445
5620000,1,46,64,109461
5621000,1,51,64,109487
5622000,1,56,64,109506
5623000,1,30,64,109524
5624000,1,35,64,109542
5625000,1,41,64,109558
5626000,1,46,64,109575
5627000,1,51,64,109593
5628000,1,57,64,109609
5629000,1,30,64,109628
5630000,1,35,64,109647
5631000,1,40,64,109665
5632000,1,46,64,109681
5633000,1,51,64,109698
5634000,1,56,64,109714
5635000,1,29,64,109731
5636000,1,35,64,109747
5637000,1,40,64,109764
5638000,1,45,64,109780
5639000,1,51,64,109796
5640000,1,56,64,109812
5641000,1,30,64,109827
5642000,1,35,64,109842
5643000,1,40,64,109858
5644000,1,46,64,109873
5645000,1,51,64,109891
5646000,1,56,64,109906
5647000,1,30,64,109922
5648000,1,35,64,109940
5649000,1,41,64,109956
5650000,1,46,64,109972
5651000,1,51,64,109988
5652000,1,57,64,110004
5653000,1,30,64,110023
5654000,1,35,64,110040
5655000,1,41,64,110056
5656000,1,46,64,110072
5657000,1,51,64,110093
5658000,1,57,64,110110
5659000,1,30,64,110129
5660000,1,35,64,110145
5661000,1,40,64,110162
5662000,1,46,64,110181
5663000,1,51,64,110201
5664000,1,57,64,110223
5665000,1,30,64,110242
5666000,1,35,64,110260
5667000,1,41,64,110280
5668000,1,46,64,110299
5669000,1,52,64,110317
5670000,1,57,64,110335
5671000,1,30,64,110351
5672000,1,35,64,110369
5673000,1,40,64,110385
5674000,1,46,64,110401
5675000,1,51,64,110417
5676000,1,57,64,110433
5677000,1,30,64,110453
5678000,1,35,64,110471
5679000,1,41,64,110488
5680000,1,46,64,110506
5681000,1,52,64,110522
5682000,1,57,64,110537
5683000,1,30,64,110552
5684000,1,35,64,110568
5685000,1,40,64,110583
5686000,1,46,64,110598
5687000,1,51,64,110613
5688000,1,57,64,110628
5689000,1,30,64,110645
5690000,1,35,64,110661
5691000,1,41,64,110675
5692000,1,46,64,110689
5693000,1,52,64,110704
5694000,1,57,64,110721
5695000,1,29,64,110742
5696000,1,35,64,110765
5697000,1,40,64,110781
5698000,1,46,64,110805
5699000,1,51,64,110829
5700000,1,57,64,110849
5701000,1,30,64,110865
5702000,1,36,64,110882
5703000,1,41,64,110898
5704000,1,46,64,110916
5705000,1,52,64,110931
5706000,1,57,64,110947
5707000,1,29,64,110964
5708000,1,35,64,110979
5709000,1,40,64,110994
5710000,1,46,64,111018
5711000,1,51,64,111041
5712000,1,56,64,111058
5713000,1,30,64,111073
5714000,1,35,64,111088
5715000,1,41,64,111103
5716000,1,46,64,111123
5717000,1,51,64,111141
5718000,1,57,64,111159
5719000,1,30,64,111175
5720000,1,35,64,111191
5721000,1,40,64,111209
5722000,1,46,64,111227
5723000,1,51,64,111243
5724000,1,57,64,111258
5725000,1,30,64,111275
5726000,1,35,64,111291
5727000,1,40,64,111306
5728000,1,46,64,111321
5729000,1,51,64,111336
5730000,1,56,64,111354
5731000,1,30,64,111369
5732000,1,35,64,111386
5733000,1,40,64,111402
5734000,1,46,64,111417
5735000,1,51,64,111432
5736000,1,56,64,111446
5737000,1,30,64,111468
5738000,1,35,64,111488
5739000,1,40,64,111506
5740000,1,46,64,111531
5741000,1,51,64,111552
5742000,1,57,64,111571
5743000,1,29,64,111591
5744000,1,35,64,111610
5745000,1,40,64,111632
5746000,1,46,64,111648
5747000,1,51,64,111665
5748000,1,56,64,111681
5749000,1,30,64,111697
5750000,1,35,64,111712
5751000,1,40,64,111728
5752000,1,46,64,111756
5753000,1,51,64,111779
5754000,1,56,64,111795
5755000,1,29,64,111812
5756000,1,35,64,111827
5757000,1,40,64,111842
5758000,1,46,64,111859
5759000,1,51,64,111875
5760000,1,56,64,111891
5761000,1,30,64,111907
5762000,1,35,64,111923
5763000,1,40,64,111940
5764000,1,46,64,111955
5765000,1,51,64,111971
5766000,1,57,64,111989
5767000,1,30,64,112006
5768000,1,35,64,112026
5769000,1,41,64,112048
5770000,1,46,64,112076
5771000,1,52,64,112102
5772000,1,57,64,112121
5773000,1,29,64,112138
5774000,1,35,64,112154
5775000,1,40,64,112175
5776000,1,46,64,112201
5777000,1,51,64,112228
5778000,1,56,64,112247
5779000,1,30,64,112266
5780000,1,35,64,112283
5781000,1,41,64,112301
5782000,1,46,64,112319
5783000,1,51,64,112336
5784000,1,57,64,112353
5785000,1,30,64,112375
5786000,1,35,64,112395
5787000,1,40,64,112413
5788000,1,46,64,112432
5789000,1,51,64,112450
5790000,1,57,64,112467
5791000,1,30,64,112484
5792000,1,35,64,112500
5793000,1,41,64,112519
5794000,1,46,64,112534
5795000,1,51,64,112549
5796000,1,57,64,112564
5797000,1,30,64,112584
5798000,1,35,64,112601
5799000,1,40,64,112620
5800000,1,46,64,112643
5801000,1,51,64,112665
5802000,1,57,64,112680
5803000,1,30,64,112696
5804000,1,35,64,112710
5805000,1,41,64,112731
5806000,1,46,64,112746
5807000,1,51,64,112762
5808000,1,57,64,112776
5809000,1,30,64,112791
5810000,1,35,64,112809
5811000,1,40,64,112823
5812000,1,46,64,112838
5813000,1,51,64,112856
5814000,1,57,64,112878
5815000,1,30,64,112894
5816000,1,35,64,112908
5817000,1,41,64,112927
5818000,1,46,64,112943
5819000,1,51,64,112958
5820000,1,57,64,112973
5821000,1,30,64,112993
5822000,1,35,64,113010
5823000,1,40,64,113025
5824000,1,46,64,113040
5825000,1,51,64,113055
5826000,1,57,64,113072
5827000,1,30,64,113097
5828000,1,35,64,113120
5829000,1,40,64,113140
5830000,1,46,64,113159
5831000,1,51,64,113182
5832000,1,57,64,113204
5833000,1,30,64,113222
5834000,1,35,64,113241
5835000,1,41,64,113257
5836000,1,46,64,113275
5837000,1,52,64,113290
5838000,1,57,64,113305
5839000,1,29,64,113322
5840000,1,35,64,113338
5841000,1,40,64,113353
5842000,1,46,64,113370
5843000,1,51,64,113385
5844000,1,56,64,113400
5845000,1,30,64,113416
5846000,1,35,64,113432
5847000,1,40,64,113448
5848000,1,45,64,113464
5849000,1,51,64,113484
5850000,1,56,64,113503
5851000,1,30,64,113521
5852000,1,35,64,113536
5853000,1,40,64,113552
5854000,1,46,64,113568
5855000,1,51,64,113585
5856000,1,56,64,113602
5857000,1,30,64,113621
5858000,1,35,64,113646
5859000,1,41,64,113671
5860000,1,46,64,113686
5861000,1,51,64,113704
5862000,1,57,64,113720
5863000,1,30,64,113736
5864000,1,35,64,113751
5865000,1,40,64,113766
5866000,1,46,64,113786
5867000,1,51,64,113805
5868000,1,56,64,113830
5869000,1,29,64,113850
5870000,1,35,64,113869
5871000,1,40,64,113886
5872000,1,45,64,113905
5873000,1,51,64,113922
5874000,1,56,64,113937
5875000,1,30,64,113955
5876000,1,35,64,113974
5877000,1,40,64,113989
5878000,1,46,64,114004
5879000,1,51,64,114020
5880000,1,56,64,114035
5881000,1,30,64,114054
5882000,1,35,64,114070
5883000,1,41,64,114086
5884000,1,46,64,114104
5885000,1,51,64,114120
5886000,1,57,64,114146
5887000,1,30,64,114170
5888000,1,35,64,114187
5889000,1,40,64,114204
5890000,1,46,64,114224
5891000,1,51,64,114242
5892000,1,57,64,114261
5893000,1,29,64,114282
5894000,1,35,64,114301
5895000,1,40,64,114317
5896000,1,46,64,114334
5897000,1,51,64,114352
5898000,1,57,64,114369
5899000,1,30,64,114388
5900000,1,35,64,114406
5901000,1,41,64,114424
5902000,1,46,64,114440
5903000,1,52,64,114462
5904000,1,57,64,114483
5905000,1,29,64,114501
5906000,1,35,64,114517
5907000,1,40,64,114536
5908000,1,46,64,114552
5909000,1,51,64,114566
5910000,1,56,64,114582
5911000,1,30,64,114602
5912000,1,35,64,114619
5913000,1,41,64,114634
5914000,1,46,64,114648
5915000,1,51,64,114668
5916000,1,57,64,114684
5917000,1,29,64,114699
5918000,1,35,64,114714
5919000,1,40,64,114731
5920000,1,46,64,114746
5921000,1,51,64,114761
5922000,1,56,64,114776
5923000,1,30,64,114792
5924000,1,35,64,114807
5925000,1,41,64,114822
5926000,1,46,64,114836
5927000,1,51,64,114852
5928000,1,57,64,114869
5929000,1,29,64,114885
5930000,1,35,64,114900
5931000,1,40,64,114916
5932000,1,46,64,114935
5933000,1,51,64,114950
5934000,1,56,64,114965
5935000,1,30,64,114984
5936000,1,35,64,115002
5937000,1,41,64,115022
5938000,1,46,64,115037
5939000,1,52,64,115052
5940000,1,57,64,115070
5941000,1,29,64,115087
5942000,1,35,64,115102
5943000,1,40,64,115127
5944000,1,46,64,115144
5945000,1,51,64,115159
5946000,1,56,64,115174
5947000,1,30,64,115190
5948000,1,35,64,115206
5949000,1,40,64,115225
5950000,1,46,64,115242
5951000,1,51,64,115257
5952000,1,57,64,115276
5953000,1,30,64,115292
5954000,1,35,64,115309
5955000,1,40,64,115325
5956000,1,46,64,115340
5957000,1,51,64,115356
5958000,1,56,64,115374
5959000,1,29,64,115391
5960000,1,35,64,115407
5961000,1,40,64,115423
5962000,1,46,64,115440
5963000,1,51,64,115455
5964000,1,56,64,115473
5965000,1,30,64,115493
5966000,1,35,64,115514
5967000,1,40,64,115535
5968000,1,46,64,115561
5969000,1,51,64,115579
5970000,1,56,64,115594
5971000,1,30,64,115615
5972000,1,35,64,115634
5973000,1,40,64,115652
5974000,1,46,64,115670
5975000,1,51,64,115690
5976000,1,57,64,115706
5977000,1,30,64,115723
5978000,1,35,64,115739
5979000,1,41,64,115754
5980000,1,46,64,115770
5981000,1,51,64,115785
5982000,1,57,64,115800
5983000,1,30,64,115816
5984000,1,35,64,115835
5985000,1,40,64,115853
5986000,1,46,64,115868
5987000,1,51,64,115882
5988000,1,56,64,115904
5989000,1,29,64,115920
5990000,1,35,64,115935
5991000,1,40,64,115950
5992000,1,45,64,115969
5993000,1,51,64,115992
5994000,1,56,64,116007
5995000,1,30,64,116027
5996000,1,35,64,116044
5997000,1,40,64,116066
5998000,1,46,64,116084
5999000,1,51,64,116101
6000000,1,56,64,116117
6001000,1,30,64,116137
6002000,1,35,64,116156
6003000,1,41,64,116174
6004000,1,46,64,116198
6005000,1,51,64,116222
6006000,1,57,64,116241
6007000,1,30,64,116259
6008000,1,35,64,116277
6009000,1,41,64,116293
6010000,1,46,64,116310
6011000,1,51,64,116331
6012000,1,57,64,116349
6013000,1,30,64,116367
6014000,1,35,64,116388
6015000,1,40,64,116409
6016000,1,46,64,116427
6017000,1,51,64,116445
6018000,1,57,64,116470
6019000,1,30,64,116494
6020000,1,35,64,116513
6021000,1,41,64,116537
6022000,1,46,64,116558
6023000,1,51,64,116574
6024000,1,57,64,116595
6025000,1,30,64,116613
6026000,1,35,64,116628
6027000,1,40,64,116643
6028000,1,46,64,116660
6029000,1,51,64,116681
6030000,1,57,64,116697
6031000,1,30,64,116713
6032000,1,35,64,116728
6033000,1,41,64,116743
6034000,1,46,64,116762
6035000,1,52,64,116779
6036000,1,57,64,116794
6037000,1,30,64,116810
6038000,1,35,64,116825
6039000,1,40,64,116845
6040000,1,46,64,116860
6041000,1,51,64,116875
6042000,1,57,64,116889
6043000,1,30,64,116905
6044000,1,35,64,116922
6045000,1,41,64,116937
6046000,1,46,64,116960
6047000,1,52,64,116974
6048000,1,57,64,116992
6049000,1,29,64,117014
6050000,1,35,64,117033
6051000,1,40,64,117052
6052000,1,46,64,117069
6053000,1,51,64,117084
6054000,1,57,64,117104
6055000,1,30,64,117124
6056000,1,35,64,117139
6057000,1,41,64,117162
6058000,1,46,64,117187
6059000,1,52,64,117213
6060000,1,57,64,117233
6061000,1,30,64,117250
6062000,1,35,64,117266
6063000,1,40,64,117283
6064000,1,46,64,117298
6065000,1,51,64,117313
6066000,1,56,64,117328
6067000,1,30,64,117343
6068000,1,35,64,117362
6069000,1,41,64,117379
6070000,1,46,64,117395
6071000,1,51,64,117414
6072000,1,57,64,117434
6073000,1,30,64,117451
6074000,1,35,64,117469
6075000,1,40,64,117487
6076000,1,46,64,117505
6077000,1,51,64,117522
6078000,1,57,64,117541
6079000,1,30,64,117562
6080000,1,35,64,117585
6081000,1,40,64,117605
6082000,1,46,64,117625
6083000,1,51,64,117642
6084000,1,56,64,117677
6085000,1,30,64,117697
6086000,1,35,64,117720
6087000,1,40,64,117754
6088000,1,46,64,117770
6089000,1,51,64,117792
6090000,1,56,64,117816
6091000,1,30,64,117850
6092000,1,35,64,117877
6093000,1,41,64,117895
6094000,1,46,64,117912
6095000,1,51,64,117930
6096000,1,57,64,117949
6097000,1,30,64,117966
6098000,1,35,64,117982
6099000,1,40,64,118000
6100000,1,46,64,118018
6101000,1,51,64,118033
6102000,1,56,64,118049
6103000,1,30,64,118089
6104000,1,35,64,118106
6105000,1,40,64,118121
6106000,1,46,64,118139
6107000,1,51,64,118156
6108000,1,57,64,118178
6109000,1,29,64,118202
6110000,1,35,64,118221
6111000,1,40,64,118237
6112000,1,46,64,118254
6113000,1,51,64,118271
6114000,1,56,64,118292
6115000,1,30,64,118309
6116000,1,35,64,118325
6117000,1,41,64,118343
6118000,1,46,64,118361
6119000,1,51,64,118378
6120000,1,57,64,118396
6121000,1,29,64,118415
6122000,1,35,64,118434
6123000,1,40,64,118453
6124000,1,46,64,118471
6125000,1,51,64,118490
6126000,1,57,64,118509
6127000,1,30,64,118531
6128000,1,35,64,118550
6129000,1,41,64,118570
6130000,1,46,64,118589
6131000,1,51,64,118607
6132000,1,57,64,118624
6133000,1,30,64,118645
6134000,1,35,64,118663
6135000,1,41,64,118681
6136000,1,46,64,118700
6137000,1,52,64,118718
6138000,1,57,64,118736
6139000,1,29,64,118754
6140000,1,35,64,118771
6141000,1,40,64,118790
6142000,1,46,64,118812
6143000,1,51,64,118838
6144000,1,56,64,118857
6145000,1,30,64,118874
6146000,1,35,64,118892
6147000,1,41,64,118911
6148000,1,46,64,118928
6149000,1,51,64,118949
6150000,1,57,64,118971
6151000,1,30,64,118993
6152000,1,35,64,119017
6153000,1,40,64,119036
6154000,1,46,64,119053
6155000,1,51,64,119069
6156000,1,57,64,119085
6157000,1,30,64,119103
6158000,1,35,64,119121
6159000,1,41,64,119146
6160000,1,46,64,119161
6161000,1,51,64,119177
6162000,1,57,64,119192
6163000,1,30,64,119211
6164000,1,35,64,119231
6165000,1,41,64,119248
6166000,1,46,64,119264
6167000,1,51,64,119280
6168000,1,57,64,119299
6169000,1,30,64,119318
6170000,1,35,64,119335
6171000,1,41,64,119361
6172000,1,46,64,119376
6173000,1,51,64,119397
6174000,1,57,64,119415
6175000,1,30,64,119433
6176000,1,35,64,119448
6177000,1,41,64,119464
6178000,1,46,64,119486
6179000,1,51,64,119504
6180000,1,57,64,119520
6181000,1,30,64,119540
6182000,1,35,64,119560
6183000,1,40,64,119580
6184000,1,46,64,119600
6185000,1,51,64,119616
6186000,1,57,64,119632
6187000,1,29,64,119649
6188000,1,35,64,119668
6189000,1,40,64,119684
6190000,1,46,64,119700
6191000,1,51,64,119716
6192000,1,56,64,119732
6193000,1,29,64,119758
6194000,1,35,64,119775
6195000,1,40,64,119793
6196000,1,46,64,119817
6197000,1,51,64,119833
6198000,1,56,64,119848
6199000,1,30,64,119864
6200000,1,35,64,119879
6201000,1,40,64,119898
6202000,1,46,64,119922
6203000,1,51,64,119938
6204000,1,57,64,119956
6205000,1,30,64,119974
6206000,1,35,64,119990
6207000,1,41,64,120005
6208000,1,46,64,120020
6209000,1,51,64,120037
6210000,1,57,64,120053
6211000,1,30,64,120068
6212000,1,35,64,120090
6213000,1,40,64,120108
6214000,1,46,64,120123
6215000,1,51,64,120139
6216000,1,56,64,120158
6217000,1,29,64,120182
6218000,1,35,64,120204
6219000,1,40,64,120224
6220000,1,45,64,120241
6221000,1,51,64,120257
6222000,1,56,64,120272
6223000,1,30,64,120288
6224000,1,35,64,120306
6225000,1,40,64,120323
6226000,1,46,64,120343
6227000,1,51,64,120368
6228000,1,56,64,120385
6229000,1,30,64,120403
6230000,1,35,64,120418
6231000,1,41,64,120436
6232000,1,46,64,120451
6233000,1,51,64,120468
6234000,1,57,64,120487
6235000,1,30,64,120511
6236000,1,35,64,120531
6237000,1,40,64,120654
6238000,1,46,64,120678
6239000,1,51,64,120697
6240000,1,56,64,120716
6241000,1,29,64,120735
6242000,1,35,64,120756
6243000,1,40,64,120774
6244000,1,46,64,120793
6245000,1,51,64,120816
6246000,1,56,64,120841
6247000,1,30,64,120865
6248000,1,35,64,120887
6249000,1,41,64,120906
6250000,1,46,64,120925
6251000,1,51,64,120943
6252000,1,57,64,120961
6253000,1,30,64,120982
6254000,1,35,64,121005
6255000,1,41,64,121024
6256000,1,46,64,121042
6257000,1,51,64,121065
6258000,1,57,64,121088
6259000,1,30,64,121107
6260000,1,35,64,121128
6261000,1,41,64,121149
6262000,1,46,64,121165
6263000,1,51,64,121180
6264000,1,57,64,121197
6265000,1,30,64,121217
6266000,1,35,64,121245
6267000,1,41,64,121262
6268000,1,46,64,121278
6269000,1,51,64,121294
6270000,1,57,64,121313
6271000,1,30,64,121330
6272000,1,35,64,121345
6273000,1,41,64,121363
6274000,1,46,64,121378
6275000,1,51,64,121393
6276000,1,57,64,121409
6277000,1,30,64,121424
6278000,1,35,64,121440
6279000,1,40,64,121456
6280000,1,46,64,121476
6281000,1,51,64,121493
6282000,1,57,64,121512
6283000,1,30,64,121528
6284000,1,35,64,121547
6285000,1,40,64,121570
6286000,1,46,64,121589
6287000,1,51,64,121608
6288000,1,57,64,121625
6289000,1,30,64,121645
6290000,1,35,64,121662
6291000,1,41,64,121678
6292000,1,46,64,121693
6293000,1,52,64,121714
6294000,1,57,64,121731
6295000,1,30,64,121747
6296000,1,35,64,121763
6297000,1,41,64,121783
6298000,1,46,64,121805
6299000,1,51,64,121831
6300000,1,57,64,121850
6301000,1,30,64,121867
6302000,1,35,64,121882
6303000,1,40,64,121900
6304000,1,46,64,121916
6305000,1,51,64,121931
6306000,1,56,64,121952
6307000,1,29,64,121972
6308000,1,35,64,121994
6309000,1,40,64,122022
6310000,1,46,64,122043
6311000,1,51,64,122070
6312000,1,56,64,122105
6313000,1,30,64,122124
6314000,1,35,64,122143
6315000,1,41,64,122162
6316000,1,46,64,122177
6317000,1,51,64,122193
6318000,1,57,64,122212
6319000,1,30,64,122233
6320000,1,35,64,122250
6321000,1,41,64,122268
6322000,1,46,64,122286
6323000,1,51,64,122303
6324000,1,57,64,122323
6325000,1,30,64,122340
6326000,1,35,64,122358
6327000,1,40,64,122374
6328000,1,46,64,122394
6329000,1,51,64,122411
6330000,1,56,64,122429
6331000,1,30,64,122451
6332000,1,35,64,122471
6333000,1,40,64,122497
6334000,1,46,64,122517
6335000,1,51,64,122541
6336000,1,57,64,122561
6337000,1,29,64,122579
6338000,1,35,64,122595
6339000,1,40,64,122613
6340000,1,46,64,122629
6341000,1,51,64,122644
6342000,1,56,64,122663
6343000,1,30,64,122681
6344000,1,35,64,122697
6345000,1,40,64,122714
6346000,1,46,64,122731
6347000,1,51,64,122746
6348000,1,57,64,122762
6349000,1,30,64,122778
6350000,1,35,64,122794
6351000,1,41,64,122810
6352000,1,46,64,122825
6353000,1,51,64,122842
6354000,1,57,64,122859
6355000,1,29,64,122876
6356000,1,35,64,122892
6357000,1,40,64,122909
6358000,1,45,64,122926
6359000,1,51,64,122944
6360000,1,56,64,122962
6361000,1,30,64,122980
6362000,1,35,64,122997
6363000,1,40,64,123013
6364000,1,46,64,123030
6365000,1,51,64,123052
6366000,1,57,64,123073
6367000,1,30,64,123092
6368000,1,35,64,123110
6369000,1,41,64,123126
6370000,1,46,64,123144
6371000,1,52,64,123163
6372000,1,57,64,123181
6373000,1,29,64,123208
6374000,1,35,64,123231
6375000,1,40,64,123250
6376000,1,46,64,123270
6377000,1,51,64,123290
6378000,1,56,64,123309
6379000,1,30,64,123327
6380000,1,35,64,123342
6381000,1,41,64,123358
6382000,1,46,64,123376
6383000,1,52,64,123398
6384000,1,57,64,123415
6385000,1,29,64,123438
6386000,1,35,64,123453
6387000,1,40,64,123470
6388000,1,46,64,123488
6389000,1,51,64,123505
6390000,1,56,64,123524
6391000,1,30,64,123542
6392000,1,35,64,123558
6393000,1,41,64,123575
6394000,1,46,64,123591
6395000,1,52,64,123606
6396000,1,57,64,123626
6397000,1,29,64,123648
6398000,1,35,64,123676
6399000,1,40,64,123696
6400000,1,45,64,123712
6401000,1,51,64,123727
6402000,1,56,64,123742
6403000,1,30,64,123759
6404000,1,35,64,123776
6405000,1,41,64,123796
6406000,1,46,64,123812
6407000,1,51,64,123829
6408000,1,57,64,123844
6409000,1,29,64,123860
6410000,1,35,64,123875
6411000,1,40,64,123891
6412000,1,46,64,123906
6413000,1,51,64,123922
6414000,1,56,64,123940
6415000,1,30,64,123957
6416000,1,35,64,123974
6417000,1,41,64,123990
6418000,1,46,64,124009
6419000,1,51,64,124025
6420000,1,57,64,124041
6421000,1,30,64,124058
6422000,1,35,64,124074
6423000,1,40,64,124091
6424000,1,46,64,124108
6425000,1,51,64,124125
6426000,1,57,64,124141
6427000,1,29,64,124158
6428000,1,35,64,124176
6429000,1,40,64,124193
6430000,1,46,64,124213
6431000,1,51,64,124231
6432000,1,56,64,124248
6433000,1,30,64,124264
6434000,1,35,64,124279
6435000,1,41,64,124294
6436000,1,46,64,124311
6437000,1,51,64,124340
6438000,1,57,64,124379
6439000,1,29,64,124413
6440000,1,35,64,124434
6441000,1,40,64,124461
6442000,1,46,64,124488
6443000,1,51,64,124506
6444000,1,56,64,124525
6445000,1,30,64,124544
6446000,1,35,64,124561
6447000,1,40,64,124581
6448000,1,46,64,124603
6449000,1,51,64,124623
6450000,1,56,64,124646
6451000,1,29,64,124666
6452000,1,35,64,124685
6453000,1,40,64,124702
6454000,1,45,64,124723
6455000,1,51,64,124744
6456000,1,56,64,124762
6457000,1,30,64,124780
6458000,1,35,64,124800
6459000,1,40,64,124820
6460000,1,46,64,124845
6461000,1,51,64,124864
6462000,1,56,64,124883
6463000,1,30,64,124900
6464000,1,35,64,124917
6465000,1,41,64,124932
6466000,1,46,64,124948
6467000,1,51,64,124963
6468000,1,57,64,124980
6469000,1,30,64,124997
6470000,1,35,64,125013
6471000,1,41,64,125032
6472000,1,46,64,125049
6473000,1,51,64,125064
6474000,1,56,64,125080
6475000,1,29,64,125098
6476000,1,35,64,125115
6477000,1,40,64,125132
6478000,1,46,64,125148
6479000,1,51,64,125166
6480000,1,56,64,125182
6481000,1,30,64,125199
6482000,1,35,64,125215
6483000,1,41,64,125236
6484000,1,46,64,125261
6485000,1,51,64,125279
6486000,1,57,64,125298
6487000,1,30,64,125315
6488000,1,35,64,125332
6489000,1,40,64,125351
6490000,1,46,64,125371
6491000,1,51,64,125389
6492000,1,57,64,125407
6493000,1,30,64,125431
6494000,1,35,64,125452
6495000,1,40,64,125472
6496000,1,46,64,125495
6497000,1,51,64,125519
6498000,1,57,64,125535
6499000,1,30,64,125552
6500000,1,35,64,125572
6501000,1,40,64,125590
6502000,1,46,64,125608
6503000,1,51,64,125624
6504000,1,57,64,125642
6505000,1,30,64,125661
6506000,1,35,64,125681
6507000,1,40,64,125698
6508000,1,46,64,125714
6509000,1,51,64,125729
6510000,1,57,64,125746
6511000,1,30,64,125762
6512000,1,35,64,125776
6513000,1,41,64,125793
6514000,1,46,64,125811
6515000,1,52,64,125826
6516000,1,57,64,125842
6517000,1,29,64,125865
6518000,1,35,64,125880
6519000,1,40,64,125897
6520000,1,46,64,125911
6521000,1,51,64,125926
6522000,1,57,64,125960
6523000,1,30,64,125977
6524000,1,35,64,125992
6525000,1,41,64,126008
6526000,1,46,64,126025
6527000,1,52,64,126040
6528000,1,57,64,126056
6529000,1,30,64,126077
6530000,1,35,64,126095
6531000,1,40,64,126112
6532000,1,46,64,126128
6533000,1,51,64,126144
6534000,1,57,64,126159
6535000,1,30,64,126174
6536000,1,35,64,126189
6537000,1,41,64,126205
6538000,1,46,64,126226
6539000,1,52,64,126247
6540000,1,57,64,126263
6541000,1,29,64,126280
6542000,1,35,64,126295
6543000,1,40,64,126312
6544000,1,45,64,126330
6545000,1,51,64,126347
6546000,1,56,64,126363
6547000,1,30,64,126380
6548000,1,35,64,126400
6549000,1,40,64,126416
6550000,1,46,64,126432
6551000,1,51,64,126448
6552000,1,57,64,126465
6553000,1,29,64,126494
6554000,1,35,64,126516
6555000,1,41,64,126534
6556000,1,46,64,126552
6557000,1,51,64,126570
6558000,1,56,64,126587
6559000,1,30,64,126606
6560000,1,35,64,126623
6561000,1,40,64,126639
6562000,1,46,64,126655
6563000,1,51,64,126702
6564000,1,56,64,126722
6565000,1,29,64,126740
6566000,1,35,64,126757
6567000,1,40,64,126773
6568000,1,45,64,126789
6569000,1,51,64,126803
6570000,1,56,64,126818
6571000,1,29,64,126834
6572000,1,35,64,126850
6573000,1,40,64,126868
6574000,1,46,64,126883
6575000,1,51,64,126898
6576000,1,56,64,126914
6577000,1,30,64,126931
6578000,1,35,64,126950
6579000,1,40,64,126967
6580000,1,46,64,126983
6581000,1,51,64,127000
6582000,1,57,64,127016
6583000,1,30,64,127033
6584000,1,35,64,127051
6585000,1,41,64,127069
6586000,1,46,64,127086
6587000,1,51,64,127103
6588000,1,57,64,127124
6589000,1,30,64,127142
6590000,1,35,64,127160
6591000,1,40,64,127176
6592000,1,46,64,127192
6593000,1,51,64,127210
6594000,1,56,64,127229
6595000,1,29,64,127249
6596000,1,35,64,127267
6597000,1,40,64,127284
6598000,1,46,64,127301
6599000,1,51,64,127318
6600000,1,56,64,127336
6601000,1,30,64,127354
6602000,1,35,64,127375
6603000,1,41,64,127392
6604000,1,46,64,127409
6605000,1,51,64,127426
6606000,1,57,64,127445
6607000,1,29,64,127465
6608000,1,35,64,127486
6609000,1,40,64,127503
6610000,1,46,64,127519
6611000,1,51,64,127535
6612000,1,56,64,127552
6613000,1,30,64,127568
6614000,1,35,64,127585
6615000,1,41,64,127603
6616000,1,46,64,127619
6617000,1,51,64,127635
6618000,1,57,64,127651
6619000,1,30,64,127668
6620000,1,35,64,127685
6621000,1,41,64,127700
6622000,1,46,64,127716
6623000,1,51,64,127731
6624000,1,57,64,127748
6625000,1,30,64,127765
6626000,1,35,64,127781
6627000,1,41,64,127797
6628000,1,46,64,127812
6629000,1,51,64,127827
6630000,1,57,64,127842
6631000,1,30,64,127857
6632000,1,35,64,127872
6633000,1,40,64,127887
6634000,1,46,64,127903
6635000,1,51,64,127919
6636000,1,57,64,127934
6637000,1,30,64,127950
6638000,1,35,64,127975
6639000,1,40,64,127993
6640000,1,46,64,128012
6641000,1,51,64,128029
6642000,1,57,64,128048
6643000,1,30,64,128065
6644000,1,35,64,128080
6645000,1,41,64,128096
6646000,1,46,64,128114
6647000,1,51,64,128139
6648000,1,57,64,128158
6649000,1,30,64,128192
6650000,1,35,64,128219
6651000,1,41,64,128242
6652000,1,46,64,128263
6653000,1,51,64,128280
6654000,1,57,64,128297
6655000,1,30,64,128315
6656000,1,35,64,128333
6657000,1,40,64,128353
6658000,1,46,64,128371
6659000,1,51,64,128389
6660000,1,56,64,128408
6661000,1,29,64,128432
6662000,1,35,64,128449
6663000,1,40,64,128471
6664000,1,46,64,128492
6665000,1,51,64,128514
6666000,1,56,64,128531
6667000,1,30,64,128551
6668000,1,35,64,128568
6669000,1,41,64,128584
6670000,1,46,64,128601
6671000,1,51,64,128618
6672000,1,57,64,128652
6673000,1,30,64,128682
6674000,1,35,64,128702
6675000,1,41,64,128718
6676000,1,46,64,128734
6677000,1,51,64,128755
6678000,1,57,64,128772
6679000,1,30,64,128789
6680000,1,35,64,128805
6681000,1,40,64,128822
6682000,1,46,64,128837
6683000,1,51,64,128852
6684000,1,56,64,128867
6685000,1,29,64,128885
6686000,1,35,64,128900
6687000,1,40,64,128915
6688000,1,45,64,128930
6689000,1,51,64,128944
6690000,1,56,64,128960
6691000,1,29,64,128979
6692000,1,35,64,129003
6693000,1,40,64,129021
6694000,1,46,64,129037
6695000,1,51,64,129052
6696000,1,56,64,129068
6697000,1,30,64,129087
6698000,1,35,64,129104
6699000,1,40,64,129122
6700000,1,46,64,129140
6701000,1,51,64,129158
6702000,1,57,64,129179
6703000,1,30,64,129198
6704000,1,35,64,129213
6705000,1,41,64,129229
6706000,1,46,64,129248
6707000,1,51,64,129265
6708000,1,57,64,129288
6709000,1,29,64,129306
6710000,1,35,64,129323
6711000,1,40,64,129342
6712000,1,45,64,129362
6713000,1,51,64,129379
6714000,1,56,64,129395
6715000,1,30,64,129414
6716000,1,35,64,129434
6717000,1,40,64,129452
6718000,1,46,64,129475
6719000,1,51,64,129495
6720000,1,57,64,129514
6721000,1,30,64,129535
6722000,1,35,64,129552
6723000,1,41,64,129569
6724000,1,46,64,129586
6725000,1,52,64,129603
6726000,1,57,64,129626
6727000,1,29,64,129652
6728000,1,35,64,129668
6729000,1,40,64,129685
6730000,1,46,64,129704
6731000,1,51,64,129723
6732000,1,56,64,129741
6733000,1,30,64,129763
6734000,1,35,64,129782
6735000,1,41,64,129800
6736000,1,46,64,129820
6737000,1,52,64,129840
6738000,1,57,64,129862
6739000,1,29,64,129879
6740000,1,35,64,129896
6741000,1,40,64,129915
6742000,1,46,64,129931
6743000,1,51,64,129947
6744000,1,56,64,129963
6745000,1,30,64,129980
6746000,1,35,64,129996
6747000,1,41,64,130011
6748000,1,46,64,130031
6749000,1,52,64,130046
6750000,1,57,64,130062
6751000,1,29,64,130078
6752000,1,35,64,130094
6753000,1,40,64,130109
6754000,1,46,64,130125
6755000,1,51,64,130140
6756000,1,56,64,130155
6757000,1,30,64,130171
6758000,1,35,64,130189
6759000,1,41,64,130211
6760000,1,46,64,130227
6761000,1,51,64,130244
6762000,1,57,64,130262
6763000,1,29,64,130278
6764000,1,35,64,130293
6765000,1,40,64,130310
6766000,1,46,64,130329
6767000,1,51,64,130347
6768000,1,56,64,130367
6769000,1,30,64,130383
6770000,1,35,64,130400
6771000,1,41,64,130425
6772000,1,46,64,130447
6773000,1,51,64,130472
6774000,1,57,64,130491
6775000,1,30,64,130509
6776000,1,35,64,130525
6777000,1,40,64,130540
6778000,1,46,64,130557
6779000,1,51,64,130574
6780000,1,56,64,130592
6781000,1,29,64,130612
6782000,1,35,64,130630
6783000,1,40,64,130654
6784000,1,46,64,130677
6785000,1,51,64,130694
6786000,1,56,64,130709
6787000,1,30,64,130725
6788000,1,35,64,130745
6789000,1,41,64,130764
6790000,1,46,64,130780
6791000,1,51,64,130794
6792000,1,57,64,130809
6793000,1,29,64,130826
6794000,1,35,64,130842
6795000,1,40,64,130860
6796000,1,45,64,130875
6797000,1,51,64,130894
6798000,1,56,64,130913
6799000,1,30,64,130929
6800000,1,35,64,130945
6801000,1,40,64,130959
6802000,1,46,64,130977
6803000,1,51,64,131000
6804000,1,56,64,131025
6805000,1,29,64,131049
6806000,1,35,64,131065
6807000,1,40,64,131081
6808000,1,45,64,131096
6809000,1,51,64,131116
6810000,1,56,64,131139
6811000,1,30,64,131162
6812000,1,35,64,131182
6813000,1,40,64,131198
6814000,1,46,64,131213
6815000,1,51,64,131231
6816000,1,56,64,131247
6817000,1,30,64,131265
6818000,1,35,64,131280
6819000,1,41,64,131298
6820000,1,46,64,131317
6821000,1,51,64,131333
6822000,1,57,64,131348
6823000,1,30,64,131365
6824000,1,35,64,131380
6825000,1,41,64,131395
6826000,1,46,64,131414
6827000,1,52,64,131436
6828000,1,57,64,131456
6829000,1,30,64,131489
6830000,1,35,64,131507
6831000,1,41,64,131524
6832000,1,46,64,131542
6833000,1,51,64,131558
6834000,1,57,64,131575
6835000,1,30,64,131598
6836000,1,35,64,131619
6837000,1,40,64,131636
6838000,1,46,64,131655
6839000,1,51,64,131672
6840000,1,57,64,131691
6841000,1,30,64,131712
6842000,1,35,64,131732
6843000,1,40,64,131756
6844000,1,46,64,131777
6845000,1,51,64,131795
6846000,1,57,64,131815
6847000,1,30,64,131840
6848000,1,35,64,131857
6849000,1,40,64,131874
6850000,1,46,64,131899
6851000,1,51,64,131916
6852000,1,57,64,131933
6853000,1,30,64,131950
6854000,1,35,64,131965
6855000,1,41,64,131982
6856000,1,46,64,132005
6857000,1,52,64,132027
6858000,1,57,64,132045
6859000,1,29,64,132070
6860000,1,35,64,132093
6861000,1,40,64,132113
6862000,1,46,64,132132
6863000,1,51,64,132151
6864000,1,57,64,132167
6865000,1,30,64,132184
6866000,1,35,64,132200
6867000,1,41,64,132215
6868000,1,46,64,132231
6869000,1,52,64,132250
6870000,1,57,64,132267
6871000,1,29,64,132283
6872000,1,35,64,132298
6873000,1,40,64,132312
6874000,1,46,64,132330
6875000,1,51,64,132346
6876000,1,57,64,132362
6877000,1,30,64,132380
6878000,1,35,64,132396
6879000,1,41,64,132411
6880000,1,46,64,132426
6881000,1,52,64,132442
6882000,1,57,64,132458
6883000,1,29,64,132486
6884000,1,35,64,132503
6885000,1,40,64,132527
6886000,1,46,64,132550
6887000,1,51,64,132567
6888000,1,57,64,132582
6889000,1,30,64,132598
6890000,1,35,64,132616
6891000,1,41,64,132632
6892000,1,46,64,132649
6893000,1,51,64,132665
6894000,1,57,64,132682
6895000,1,30,64,132697
6896000,1,35,64,132712
6897000,1,40,64,132729
6898000,1,46,64,132747
6899000,1,51,64,132766
6900000,1,57,64,132785
6901000,1,30,64,132801
6902000,1,35,64,132826
6903000,1,40,64,132853
6904000,1,46,64,132874
6905000,1,51,64,132890
6906000,1,57,64,132906
6907000,1,30,64,132926
6908000,1,35,64,132941
6909000,1,41,64,132968
6910000,1,46,64,132988
6911000,1,51,64,133002
6912000,1,57,64,133017
6913000,1,29,64,133045
6914000,1,35,64,133061
6915000,1,40,64,133075
6916000,1,46,64,133095
6917000,1,51,64,133117
6918000,1,56,64,133132
6919000,1,30,64,133148
6920000,1,35,64,133168
6921000,1,40,64,133187
6922000,1,46,64,133206
6923000,1,51,64,133248
6924000,1,56,64,133276
6925000,1,30,64,133298
6926000,1,35,64,133313
6927000,1,41,64,133331
6928000,1,46,64,133347
6929000,1,51,64,133367
6930000,1,57,64,133383
6931000,1,30,64,133400
6932000,1,35,64,133416
6933000,1,40,64,133443
6934000,1,46,64,133460
6935000,1,51,64,133479
6936000,1,56,64,133497
6937000,1,30,64,133516
6938000,1,35,64,133550
6939000,1,41,64,133592
6940000,1,46,64,133638
6941000,1,51,64,133669
6942000,1,57,64,133707
6943000,1,30,64,133729
6944000,1,35,64,133755
6945000,1,40,64,133776
6946000,1,46,64,133797
6947000,1,51,64,133863
6948000,1,56,64,133892
6949000,1,29,64,133922
6950000,1,35,64,133947
6951000,1,40,64,133974
6952000,1,46,64,133996
6953000,1,51,64,134049
6954000,1,56,64,134111
6955000,1,30,64,134143
6956000,1,35,64,134205
6957000,1,41,64,134270
6958000,1,46,64,134301
6959000,1,51,64,134340
6960000,1,57,64,134369
6961000,1,30,64,134442
6962000,1,36,64,134524
6963000,1,41,64,134626
6964000,1,46,64,134662
6965000,1,51,64,134688
6966000,1,57,64,134721
6967000,1,30,64,134762
6968000,1,35,64,134785
6969000,1,40,64,134893
6970000,1,46,64,134955
6971000,1,51,64,135009
6972000,1,57,64,135065
6973000,1,30,64,135108
6974000,1,35,64,135153
6975000,1,40,64,135204
6976000,1,46,64,135242
6977000,1,51,64,135332
6978000,1,57,64,135360
6979000,1,30,64,135394
6980000,1,35,64,135422
6981000,1,40,64,135444
6982000,1,46,64,135472
6983000,1,51,64,135515
6984000,1,57,64,135538
6985000,1,30,64,135562
6986000,1,35,64,135583
6987000,1,41,64,135600
6988000,1,46,64,135623
6989000,1,52,64,135640
6990000,1,57,64,135660
6991000,1,29,64,135691
6992000,1,35,64,135711
6993000,1,40,64,135733
6994000,1,46,64,135758
6995000,1,51,64,135787
6996000,1,57,64,135811
6997000,1,30,64,135828
6998000,1,36,64,135844
6999000,1,41,64,135873
7000000,1,46,64,135922
7001000,1,52,64,135943
7002000,1,57,64,135961
7003000,1,30,64,135978
7004000,1,35,64,135997
7005000,1,40,64,136014
7006000,1,46,64,136029
7007000,1,51,64,136046
7008000,1,57,64,136062
7009000,1,30,64,136082
7010000,1,35,64,136099
7011000,1,41,64,136117
7012000,1,46,64,136133
7013000,1,52,64,136148
7014000,1,57,64,136164
7015000,1,29,64,136191
7016000,1,35,64,136213
7017000,1,40,64,136231
7018000,1,45,64,136253
7019000,1,51,64,136273
7020000,1,56,64,136290
7021000,1,30,64,136311
7022000,1,35,64,136331
7023000,1,40,64,136352
7024000,1,46,64,136368
7025000,1,51,64,136383
7026000,1,56,64,136400
7027000,1,30,64,136417
7028000,1,35,64,136434
7029000,1,41,64,136449
7030000,1,46,64,136465
7031000,1,51,64,136488
7032000,1,57,64,136507
7033000,1,29,64,136525
7034000,1,35,64,136544
7035000,1,40,64,136562
7036000,1,46,64,136578
7037000,1,51,64,136595
7038000,1,56,64,136613
7039000,1,30,64,136633
7040000,1,35,64,136652
7041000,1,40,64,136668
7042000,1,46,64,136685
7043000,1,51,64,136701
7044000,1,56,64,136718
7045000,1,29,64,136736
7046000,1,35,64,136752
7047000,1,40,64,136768
7048000,1,45,64,136783
7049000,1,51,64,136799
7050000,1,56,64,136814
7051000,1,30,64,136838
7052000,1,35,64,136858
7053000,1,40,64,136881
7054000,1,46,64,136903
7055000,1,51,64,136920
7056000,1,56,64,136936
7057000,1,30,64,136952
7058000,1,35,64,136968
7059000,1,41,64,136984
7060000,1,46,64,137001
7061000,1,51,64,137017
7062000,1,57,64,137036
7063000,1,30,64,137054
7064000,1,35,64,137071
7065000,1,40,64,137088
7066000,1,46,64,137106
7067000,1,51,64,137122
7068000,1,57,64,137142
7069000,1,29,64,137167
7070000,1,35,64,137192
7071000,1,40,64,137211
7072000,1,46,64,137227
7073000,1,51,64,137247
7074000,1,56,64,137276
7075000,1,30,64,137296
7076000,1,35,64,137315
7077000,1,41,64,137332
7078000,1,46,64,137350
7079000,1,51,64,137367
7080000,1,57,64,137393
7081000,1,29,64,137415
7082000,1,35,64,137441
7083000,1,40,64,137461
7084000,1,46,64,137483
7085000,1,51,64,137501
7086000,1,56,64,137523
7087000,1,30,64,137551
7088000,1,35,64,137576
7089000,1,41,64,137595
7090000,1,46,64,137611
7091000,1,51,64,137627
7092000,1,57,64,137646
7093000,1,30,64,137663
7094000,1,35,64,137678
7095000,1,41,64,137693
7096000,1,46,64,137709
7097000,1,51,64,137724
7098000,1,57,64,137740
7099000,1,30,64,137755
7100000,1,35,64,137776
7101000,1,41,64,137794
7102000,1,46,64,137810
7103000,1,51,64,137826
7104000,1,57,64,137847
7105000,1,30,64,137865
7106000,1,35,64,137880
7107000,1,40,64,137895
7108000,1,46,64,137913
7109000,1,51,64,137928
7110000,1,57,64,137945
7111000,1,30,64,137976
7112000,1,35,64,138002
7113000,1,40,64,138029
7114000,1,46,64,138052
7115000,1,51,64,138069
7116000,1,57,64,138084
7117000,1,30,64,138100
7118000,1,35,64,138121
7119000,1,41,64,138145
7120000,1,46,64,138167
7121000,1,51,64,138182
7122000,1,57,64,138198
7123000,1,30,64,138215
7124000,1,35,64,138234
7125000,1,41,64,138253
7126000,1,46,64,138270
7127000,1,51,64,138287
7128000,1,57,64,138302
7129000,1,30,64,138319
7130000,1,35,64,138336
7131000,1,40,64,138351
7132000,1,46,64,138371
7133000,1,51,64,138387
7134000,1,56,64,138407
7135000,1,29,64,138427
7136000,1,35,64,138444
7137000,1,40,64,138463
7138000,1,46,64,138488
7139000,1,51,64,138506
7140000,1,56,64,138525
7141000,1,30,64,138549
7142000,1,35,64,138568
7143000,1,40,64,138588
7144000,1,46,64,138607
7145000,1,51,64,138623
7146000,1,56,64,138641
7147000,1,29,64,138657
7148000,1,35,64,138677
7149000,1,40,64,138696
7150000,1,45,64,138712
7151000,1,51,64,138735
7152000,1,56,64,138751
7153000,1,30,64,138768
7154000,1,35,64,138784
7155000,1,40,64,138799
7156000,1,46,64,138816
7157000,1,51,64,138831
7158000,1,56,64,138847
7159000,1,30,64,138868
7160000,1,35,64,138882
7161000,1,40,64,138900
7162000,1,46,64,138914
7163000,1,51,64,138930
7164000,1,57,64,138945
7165000,1,29,64,138962
7166000,1,35,64,138977
7167000,1,40,64,138992
7168000,1,46,64,139014
7169000,1,51,64,139040
7170000,1,56,64,139065
7171000,1,30,64,139183
7172000,1,35,64,139211
7173000,1,40,64,139228
7174000,1,46,64,139247
7175000,1,51,64,139264
7176000,1,57,64,139285
7177000,1,30,64,139303
7178000,1,35,64,139322
7179000,1,41,64,139338
7180000,1,46,64,139356
7181000,1,51,64,139379
7182000,1,57,64,139395
7183000,1,30,64,139413
7184000,1,35,64,139434
7185000,1,40,64,139452
7186000,1,46,64,139471
7187000,1,51,64,139492
7188000,1,57,64,139510
7189000,1,30,64,139531
7190000,1,35,64,139548
7191000,1,40,64,139565
7192000,1,46,64,139584
7193000,1,51,64,139603
7194000,1,57,64,139634
7195000,1,30,64,139652
7196000,1,35,64,139670
7197000,1,41,64,139688
7198000,1,46,64,139706
7199000,1,52,64,139722
7200000,1,57,64,139740
7201000,1,29,64,139759
7202000,1,35,64,139777
7203000,1,40,64,139796
7204000,1,46,64,139815
7205000,1,51,64,139834
7206000,1,57,64,139850
7207000,1,30,64,139872
7208000,1,35,64,139890
7209000,1,41,64,139911
7210000,1,46,64,139961
7211000,1,52,64,139980
7212000,1,57,64,139997
7213000,1,29,64,140015
7214000,1,35,64,140033
7215000,1,40,64,140051
7216000,1,46,64,140071
7217000,1,51,64,140092
7218000,1,56,64,140119
7219000,1,30,64,140160
7220000,1,35,64,140177
7221000,1,41,64,140192
7222000,1,46,64,140208
7223000,1,51,64,140224
7224000,1,57,64,140243
7225000,1,29,64,140262
7226000,1,35,64,140280
7227000,1,40,64,140297
7228000,1,46,64,140312
7229000,1,51,64,140327
7230000,1,56,64,140343
7231000,1,30,64,140361
7232000,1,35,64,140377
7233000,1,41,64,140392
7234000,1,46,64,140407
7235000,1,52,64,140422
7236000,1,57,64,140439
7237000,1,29,64,140463
7238000,1,35,64,140488
7239000,1,40,64,140511
7240000,1,46,64,140531
7241000,1,51,64,140583
7242000,1,56,64,140600
7243000,1,30,64,140691
7244000,1,35,64,140717
7245000,1,41,64,140739
7246000,1,46,64,140758
7247000,1,51,64,140775
7248000,1,57,64,140798
7249000,1,30,64,140818
7250000,1,35,64,140835
7251000,1,40,64,140856
7252000,1,46,64,140884
7253000,1,51,64,140910
7254000,1,56,64,140931
7255000,1,30,64,140953
7256000,1,35,64,140977
7257000,1,40,64,141001
7258000,1,46,64,141035
7259000,1,51,64,141055
7260000,1,56,64,141073
7261000,1,30,64,141093
7262000,1,35,64,141113
7263000,1,40,64,141138
7264000,1,46,64,141157
7265000,1,51,64,141177
7266000,1,56,64,141201
7267000,1,29,64,141223
7268000,1,35,64,141246
7269000,1,40,64,141272
7270000,1,45,64,141295
7271000,1,51,64,141315
7272000,1,56,64,141334
7273000,1,30,64,141353
7274000,1,35,64,141370
7275000,1,40,64,141386
7276000,1,46,64,141401
7277000,1,51,64,141418
7278000,1,56,64,141440
7279000,1,29,64,141458
7280000,1,35,64,141480
7281000,1,40,64,141506
7282000,1,45,64,141528
7283000,1,51,64,141546
7284000,1,56,64,141565
7285000,1,29,64,141589
7286000,1,35,64,141608
7287000,1,40,64,141637
7288000,1,46,64,141674
7289000,1,51,64,141696
7290000,1,56,64,141715
7291000,1,30,64,141733
7292000,1,35,64,141754
7293000,1,40,64,141773
7294000,1,46,64,141791
7295000,1,51,64,141815
7296000,1,57,64,141833
7297000,1,29,64,141850
7298000,1,35,64,141866
7299000,1,40,64,141886
7300000,1,46,64,141905
7301000,1,51,64,141934
7302000,1,56,64,141959
7303000,1,30,64,141982
7304000,1,35,64,142004
7305000,1,41,64,142027
7306000,1,46,64,142051
7307000,1,51,64,142076
7308000,1,57,64,142098
7309000,1,30,64,142129
7310000,1,35,64,142168
7311000,1,40,64,142206
7312000,1,46,64,142228
7313000,1,51,64,142246
7314000,1,57,64,142272
7315000,1,30,64,142293
7316000,1,35,64,142316
7317000,1,40,64,142336
7318000,1,46,64,142353
7319000,1,51,64,142372
7320000,1,57,64,142394
7321000,1,30,64,142421
7322000,1,35,64,142442
7323000,1,40,64,142467
7324000,1,46,64,142498
7325000,1,51,64,142514
7326000,1,57,64,142530
7327000,1,30,64,142546
7328000,1,35,64,142565
7329000,1,41,64,142583
7330000,1,46,64,142601
7331000,1,52,64,142616
7332000,1,57,64,142633
7333000,1,29,64,142653
7334000,1,35,64,142670
7335000,1,40,64,142685
7336000,1,46,64,142700
7337000,1,51,64,142715
7338000,1,57,64,142731
7339000,1,30,64,142746
7340000,1,35,64,142761
7341000,1,41,64,142776
7342000,1,46,64,142790
7343000,1,52,64,142806
7344000,1,57,64,142826
7345000,1,29,64,142843
7346000,1,35,64,142858
7347000,1,40,64,142876
7348000,1,46,64,142894
7349000,1,51,64,142913
7350000,1,57,64,142936
7351000,1,30,64,142960
7352000,1,35,64,142977
7353000,1,41,64,142993
7354000,1,46,64,143010
7355000,1,52,64,143028
7356000,1,57,64,143044
7357000,1,30,64,143060
7358000,1,35,64,143084
7359000,1,40,64,143107
7360000,1,46,64,143132
7361000,1,51,64,143149
7362000,1,57,64,143166
7363000,1,30,64,143183
7364000,1,35,64,143199
7365000,1,41,64,143216
7366000,1,46,64,143241
7367000,1,51,64,143259
7368000,1,57,64,143276
7369000,1,30,64,143293
7370000,1,35,64,143310
7371000,1,40,64,143330
7372000,1,46,64,143350
7373000,1,51,64,143368
7374000,1,57,64,143384
7375000,1,30,64,143402
7376000,1,35,64,143418
7377000,1,40,64,143434
7378000,1,46,64,143450
7379000,1,51,64,143469
7380000,1,56,64,143496
7381000,1,30,64,143517
7382000,1,35,64,143537
7383000,1,40,64,143556
7384000,1,46,64,143573
7385000,1,51,64,143592
7386000,1,57,64,143611
7387000,1,29,64,143631
7388000,1,35,64,143646
7389000,1,40,64,143662
7390000,1,45,64,143680
7391000,1,51,64,143701
7392000,1,56,64,143726
7393000,1,30,64,143752
7394000,1,35,64,143769
7395000,1,40,64,143786
7396000,1,46,64,143803
7397000,1,51,64,143818
7398000,1,56,64,143834
7399000,1,29,64,143856
7400000,1,35,64,143872
7401000,1,40,64,143890
7402000,1,45,64,143905
7403000,1,51,64,143921
7404000,1,56,64,143940
7405000,1,30,64,143961
7406000,1,35,64,143981
7407000,1,40,64,143997
7408000,1,46,64,144016
7409000,1,51,64,144038
7410000,1,56,64,144056
7411000,1,30,64,144072
7412000,1,35,64,144090
7413000,1,41,64,144108
7414000,1,46,64,144125
7415000,1,51,64,144140
7416000,1,57,64,144158
7417000,1,30,64,144180
7418000,1,35,64,144205
7419000,1,40,64,144230
7420000,1,46,64,144252
7421000,1,51,64,144270
7422000,1,57,64,144294
7423000,1,29,64,144316
7424000,1,35,64,144335
7425000,1,40,64,144356
7426000,1,46,64,144375
7427000,1,51,64,144394
7428000,1,56,64,144412
7429000,1,30,64,144439
7430000,1,35,64,144457
7431000,1,41,64,144485
7432000,1,46,64,144504
7433000,1,51,64,144522
7434000,1,57,64,144540
7435000,1,30,64,144558
7436000,1,35,64,144576
7437000,1,41,64,144592
7438000,1,46,64,144608
7439000,1,51,64,144625
7440000,1,57,64,144643
7441000,1,30,64,144661
7442000,1,35,64,144678
7443000,1,41,64,144695
7444000,1,46,64,144711
7445000,1,51,64,144726
7446000,1,57,64,144745
7447000,1,30,64,144771
7448000,1,35,64,144787
7449000,1,40,64,144802
7450000,1,46,64,144822
7451000,1,51,64,144837
7452000,1,57,64,144854
7453000,1,30,64,144869
7454000,1,35,64,144885
7455000,1,41,64,144901
7456000,1,46,64,144917
7457000,1,51,64,144933
7458000,1,57,64,144951
7459000,1,30,64,144967
7460000,1,35,64,144982
7461000,1,41,64,144997
7462000,1,46,64,145013
7463000,1,52,64,145028
7464000,1,57,64,145042
7465000,1,30,64,145058
7466000,1,35,64,145075
7467000,1,40,64,145093
7468000,1,46,64,145110
7469000,1,51,64,145125
7470000,1,57,64,145140
7471000,1,30,64,145156
7472000,1,35,64,145173
7473000,1,41,64,145194
7474000,1,46,64,145212
7475000,1,51,64,145235
7476000,1,57,64,145259
7477000,1,30,64,145277
7478000,1,35,64,145294
7479000,1,40,64,145309
7480000,1,46,64,145325
7481000,1,51,64,145345
7482000,1,57,64,145365
7483000,1,30,64,145385
7484000,1,35,64,145409
7485000,1,41,64,145445
7486000,1,46,64,145467
7487000,1,51,64,145493
7488000,1,57,64,145520
7489000,1,30,64,145545
7490000,1,35,64,145572
7491000,1,41,64,145598
7492000,1,46,64,145617
7493000,1,51,64,145635
7494000,1,57,64,145656
7495000,1,30,64,145674
7496000,1,35,64,145691
7497000,1,40,64,145709
7498000,1,46,64,145725
7499000,1,51,64,145743
7500000,1,56,64,145766
7501000,1,30,64,145790
7502000,1,35,64,145810
7503000,1,40,64,145830
7504000,1,46,64,145853
7505000,1,51,64,145868
7506000,1,57,64,145884
7507000,1,29,64,145906
7508000,1,35,64,145921
7509000,1,40,64,145936
7510000,1,45,64,145953
7511000,1,51,64,145968
7512000,1,56,64,145987
7513000,1,30,64,146012
7514000,1,35,64,146033
7515000,1,40,64,146050
7516000,1,46,64,146065
7517000,1,51,64,146081
7518000,1,56,64,146096
7519000,1,30,64,146115
7520000,1,35,64,146137
7521000,1,41,64,146157
7522000,1,46,64,146175
7523000,1,51,64,146196
7524000,1,57,64,146213
7525000,1,30,64,146232
7526000,1,35,64,146251
7527000,1,40,64,146269
7528000,1,46,64,146287
7529000,1,51,64,146304
7530000,1,56,64,146320
7531000,1,30,64,146336
7532000,1,35,64,146352
7533000,1,41,64,146367
7534000,1,46,64,146384
7535000,1,51,64,146402
7536000,1,57,64,146418
7537000,1,30,64,146436
7538000,1,35,64,146454
7539000,1,40,64,146473
7540000,1,46,64,146496
7541000,1,51,64,146513
7542000,1,57,64,146530
7543000,1,29,64,146549
7544000,1,35,64,146566
7545000,1,40,64,146584
7546000,1,46,64,146605
7547000,1,51,64,146630
7548000,1,56,64,146657
7549000,1,30,64,146679
7550000,1,35,64,146700
7551000,1,41,64,146720
7552000,1,46,64,146740
7553000,1,52,64,146760
7554000,1,57,64,146778
7555000,1,29,64,146797
7556000,1,35,64,146817
7557000,1,40,64,146836
7558000,1,46,64,146855
7559000,1,51,64,146873
7560000,1,56,64,146891
7561000,1,30,64,146908
7562000,1,35,64,146923
7563000,1,41,64,146940
7564000,1,46,64,146956
7565000,1,51,64,146973
7566000,1,57,64,146989
7567000,1,30,64,147005
7568000,1,35,64,147021
7569000,1,40,64,147036
7570000,1,46,64,147052
7571000,1,51,64,147068
7572000,1,57,64,147090
7573000,1,30,64,147107
7574000,1,35,64,147123
7575000,1,41,64,147138
7576000,1,46,64,147154
7577000,1,51,64,147169
7578000,1,57,64,147184
7579000,1,30,64,147199
7580000,1,35,64,147214
7581000,1,40,64,147231
7582000,1,46,64,147247
7583000,1,51,64,147263
7584000,1,57,64,147280
7585000,1,30,64,147301
7586000,1,35,64,147317
7587000,1,41,64,147332
7588000,1,46,64,147348
7589000,1,51,64,147363
7590000,1,57,64,147380
7591000,1,30,64,147396
7592000,1,35,64,147411
7593000,1,41,64,147427
7594000,1,46,64,147444
7595000,1,51,64,147458
7596000,1,57,64,147476
7597000,1,30,64,147494
7598000,1,35,64,147511
7599000,1,40,64,147528
7600000,1,46,64,147544
7601000,1,51,64,147560
7602000,1,57,64,147589
7603000,1,30,64,147607
7604000,1,35,64,147632
7605000,1,40,64,147650
7606000,1,46,64,147668
7607000,1,51,64,147685
7608000,1,57,64,147703
7609000,1,29,64,147719
7610000,1,35,64,147735
7611000,1,40,64,147752
7612000,1,46,64,147770
7613000,1,51,64,147786
7614000,1,56,64,147802
7615000,1,30,64,147819
7616000,1,35,64,147835
7617000,1,40,64,147854
7618000,1,46,64,147874
7619000,1,51,64,147891
7620000,1,56,64,147906
7621000,1,30,64,147924
7622000,1,35,64,147947
7623000,1,41,64,147968
7624000,1,46,64,147985
7625000,1,51,64,148002
7626000,1,57,64,148018
7627000,1,29,64,148033
7628000,1,35,64,148049
7629000,1,40,64,148065
7630000,1,45,64,148081
7631000,1,51,64,148096
7632000,1,56,64,148111
7633000,1,30,64,148127
7634000,1,35,64,148143
7635000,1,40,64,148158
7636000,1,46,64,148175
7637000,1,51,64,148443
7638000,1,56,64,148524
7639000,1,29,64,148566
7640000,1,35,64,148592
7641000,1,40,64,148633
7642000,1,45,64,148655
7643000,1,51,64,148676
7644000,1,56,64,148693
7645000,1,30,64,148716
7646000,1,35,64,148734
7647000,1,40,64,148757
7648000,1,46,64,148775
7649000,1,51,64,148793
7650000,1,56,64,148810
7651000,1,30,64,148830
7652000,1,35,64,148849
7653000,1,41,64,148868
7654000,1,46,64,148885
7655000,1,51,64,148901
7656000,1,57,64,148920
7657000,1,30,64,148940
7658000,1,35,64,148968
7659000,1,40,64,148989
7660000,1,46,64,149007
7661000,1,51,64,149023
7662000,1,57,64,149041
7663000,1,30,64,149059
7664000,1,35,64,149081
7665000,1,40,64,149105
7666000,1,46,64,149123
7667000,1,51,64,149140
7668000,1,57,64,149158
7669000,1,30,64,149177
7670000,1,35,64,149196
7671000,1,41,64,149214
7672000,1,46,64,149234
7673000,1,52,64,149252
7674000,1,57,64,149271
7675000,1,29,64,149294
7676000,1,35,64,149314
7677000,1,40,64,149333
7678000,1,46,64,149353
7679000,1,51,64,149376
7680000,1,56,64,149394
7681000,1,30,64,149412
7682000,1,35,64,149431
7683000,1,41,64,149448
7684000,1,46,64,149465
7685000,1,52,64,149485
7686000,1,57,64,149502
7687000,1,30,64,149520
7688000,1,35,64,149536
7689000,1,41,64,149552
7690000,1,46,64,149570
7691000,1,52,64,149585
7692000,1,57,64,149600
7693000,1,30,64,149620
7694000,1,35,64,149635
7695000,1,41,64,149649
7696000,1,46,64,149664
7697000,1,51,64,149684
7698000,1,57,64,149701
7699000,1,30,64,149729
7700000,1,35,64,149749
7701000,1,41,64,149766
7702000,1,46,64,149782
7703000,1,51,64,149797
7704000,1,57,64,149815
7705000,1,30,64,149830
7706000,1,35,64,149846
7707000,1,41,64,149862
7708000,1,46,64,149878
7709000,1,52,64,149894
7710000,1,57,64,149910
7711000,1,30,64,149926
7712000,1,35,64,149946
7713000,1,41,64,149962
7714000,1,46,64,149977
7715000,1,52,64,149993
7716000,1,57,64,150009
7717000,1,30,64,150024
7718000,1,35,64,150039
7719000,1,41,64,150055
7720000,1,46,64,150072
7721000,1,51,64,150087
7722000,1,57,64,150103
7723000,1,29,64,150120
7724000,1,35,64,150137
7725000,1,40,64,150153
7726000,1,46,64,150170
7727000,1,51,64,150185
7728000,1,56,64,150199
7729000,1,29,64,150216
7730000,1,35,64,150232
7731000,1,40,64,150248
7732000,1,46,64,150265
7733000,1,51,64,150280
7734000,1,56,64,150297
7735000,1,30,64,150313
7736000,1,35,64,150328
7737000,1,40,64,150343
7738000,1,46,64,150359
7739000,1,51,64,150375
7740000,1,56,64,150395
7741000,1,30,64,150413
7742000,1,35,64,150429
7743000,1,41,64,150446
7744000,1,46,64,150462
7745000,1,51,64,150483
7746000,1,57,64,150501
7747000,1,29,64,150521
7748000,1,35,64,150540
7749000,1,40,64,150559
7750000,1,46,64,150577
7751000,1,51,64,150593
7752000,1,56,64,150610
7753000,1,30,64,150628
7754000,1,35,64,150644
7755000,1,40,64,150660
7756000,1,46,64,150674
7757000,1,51,64,150691
7758000,1,56,64,150706
7759000,1,29,64,150724
7760000,1,35,64,150743
7761000,1,40,64,150760
7762000,1,45,64,150776
7763000,1,51,64,150792
7764000,1,56,64,150807
7765000,1,30,64,150824
7766000,1,35,64,150840
7767000,1,40,64,150857
7768000,1,46,64,150873
7769000,1,51,64,150890
7770000,1,57,64,150906
7771000,1,30,64,150925
7772000,1,35,64,150942
7773000,1,41,64,150960
7774000,1,46,64,150982
7775000,1,51,64,151000
7776000,1,57,64,151016
7777000,1,30,64,151035
7778000,1,35,64,151053
7779000,1,40,64,151072
7780000,1,46,64,151088
7781000,1,51,64,151105
7782000,1,57,64,151121
7783000,1,30,64,151142
7784000,1,35,64,151159
7785000,1,40,64,151176
7786000,1,46,64,151193
7787000,1,51,64,151210
7788000,1,57,64,151234
7789000,1,30,64,151253
7790000,1,35,64,151271
7791000,1,41,64,151288
7792000,1,46,64,151308
7793000,1,52,64,151327
7794000,1,57,64,151349
7795000,1,29,64,151369
7796000,1,35,64,151393
7797000,1,40,64,151410
7798000,1,46,64,151427
7799000,1,51,64,151442
7800000,1,57,64,151458
7801000,1,30,64,151479
7802000,1,35,64,151497
7803000,1,41,64,151513
7804000,1,46,64,151528
7805000,1,52,64,151545
7806000,1,57,64,151561
7807000,1,29,64,151579
7808000,1,35,64,151593
7809000,1,40,64,151609
7810000,1,46,64,151624
7811000,1,51,64,151641
7812000,1,56,64,151657
7813000,1,30,64,151674
7814000,1,35,64,151689
7815000,1,41,64,151704
7816000,1,46,64,151722
7817000,1,52,64,151736
7818000,1,57,64,151751
7819000,1,29,64,151768
7820000,1,35,64,151783
7821000,1,40,64,151798
7822000,1,46,64,151816
7823000,1,51,64,151832
7824000,1,56,64,151848
7825000,1,30,64,151864
7826000,1,35,64,151878
7827000,1,41,64,151894
7828000,1,46,64,151909
7829000,1,52,64,151926
7830000,1,57,64,151942
7831000,1,29,64,151959
7832000,1,35,64,151975
7833000,1,40,64,151990
7834000,1,46,64,152005
7835000,1,51,64,152021
7836000,1,56,64,152041
7837000,1,30,64,152061
7838000,1,35,64,152081
7839000,1,41,64,152099
7840000,1,46,64,152118
7841000,1,51,64,152145
7842000,1,57,64,152167
7843000,1,30,64,152186
7844000,1,35,64,152206
7845000,1,40,64,152224
7846000,1,46,64,152241
7847000,1,51,64,152260
7848000,1,57,64,152283
7849000,1,29,64,152301
7850000,1,35,64,152320
7851000,1,40,64,152336
7852000,1,46,64,152351
7853000,1,51,64,152369
7854000,1,56,64,152389
7855000,1,30,64,152405
7856000,1,35,64,152421
7857000,1,40,64,152440
7858000,1,46,64,152459
7859000,1,51,64,152482
7860000,1,56,64,152511
7861000,1,30,64,152530
7862000,1,35,64,152549
7863000,1,40,64,152566
7864000,1,46,64,152583
7865000,1,51,64,152602
7866000,1,57,64,152619
7867000,1,29,64,152637
7868000,1,35,64,152653
7869000,1,40,64,152669
7870000,1,46,64,152685
7871000,1,51,64,152701
7872000,1,56,64,152716
7873000,1,30,64,152733
7874000,1,35,64,152751
7875000,1,40,64,152768
7876000,1,46,64,152784
7877000,1,51,64,152799
7878000,1,57,64,152819
7879000,1,29,64,152836
7880000,1,35,64,152852
7881000,1,40,64,152868
7882000,1,45,64,152884
7883000,1,51,64,152900
7884000,1,56,64,152916
7885000,1,30,64,152933
7886000,1,35,64,152948
7887000,1,40,64,152966
7888000,1,46,64,152981
7889000,1,51,64,153000
7890000,1,57,64,153016
7891000,1,30,64,153033
7892000,1,35,64,153049
7893000,1,41,64,153066
7894000,1,46,64,153082
7895000,1,51,64,153115
7896000,1,57,64,153150
7897000,1,30,64,153174
7898000,1,35,64,153190
7899000,1,41,64,153206
7900000,1,46,64,153222
7901000,1,51,64,153244
7902000,1,57,64,153262
7903000,1,30,64,153282
7904000,1,35,64,153302
7905000,1,40,64,153320
7906000,1,46,64,153340
7907000,1,51,64,153361
7908000,1,57,64,153382
7909000,1,30,64,153403
7910000,1,35,64,153423
7911000,1,40,64,153447
7912000,1,46,64,153466
7913000,1,51,64,153491
7914000,1,57,64,153508
7915000,1,30,64,153527
7916000,1,35,64,153543
7917000,1,40,64,153557
7918000,1,46,64,153572
7919000,1,51,64,153591
7920000,1,57,64,153607
7921000,1,30,64,153623
7922000,1,35,64,153639
7923000,1,41,64,153654
7924000,1,46,64,153672
7925000,1,52,64,153688
7926000,1,57,64,153707
7927000,1,30,64,153737
7928000,1,35,64,153753
7929000,1,40,64,153767
7930000,1,46,64,153782
7931000,1,51,64,153798
7932000,1,57,64,153812
7933000,1,30,64,153827
7934000,1,35,64,153842
7935000,1,41,64,153857
7936000,1,46,64,153871
7937000,1,52,64,153887
7938000,1,57,64,153902
7939000,1,29,64,153917
7940000,1,35,64,153935
7941000,1,40,64,153951
7942000,1,46,64,153968
7943000,1,51,64,153983
7944000,1,57,64,153999
7945000,1,30,64,154014
7946000,1,35,64,154031
7947000,1,41,64,154049
7948000,1,46,64,154067
7949000,1,52,64,154084
7950000,1,57,64,154099
7951000,1,30,64,154116
7952000,1,35,64,154132
7953000,1,40,64,154148
7954000,1,46,64,154163
7955000,1,51,64,154179
7956000,1,56,64,154197
7957000,1,30,64,154215
7958000,1,35,64,154230
7959000,1,41,64,154245
7960000,1,46,64,154261
7961000,1,51,64,154276
7962000,1,57,64,154292
7963000,1,30,64,154308
7964000,1,35,64,154324
7965000,1,40,64,154341
7966000,1,46,64,154360
7967000,1,51,64,154375
7968000,1,57,64,154392
7969000,1,30,64,154410
7970000,1,35,64,154426
7971000,1,40,64,154441
7972000,1,46,64,154457
7973000,1,51,64,154476
7974000,1,56,64,154500
7975000,1,30,64,154517
7976000,1,35,64,154536
7977000,1,40,64,154553
7978000,1,46,64,154569
7979000,1,51,64,154585
7980000,1,56,64,154601
7981000,1,30,64,154617
7982000,1,35,64,154633
7983000,1,41,64,154650
7984000,1,46,64,154667
7985000,1,51,64,154682
7986000,1,57,64,154698
7987000,1,29,64,154715
7988000,1,35,64,154732
7989000,1,40,64,154748
7990000,1,46,64,154762
7991000,1,51,64,154777
7992000,1,56,64,154793
7993000,1,30,64,154809
7994000,1,35,64,154825
7995000,1,40,64,154839
7996000,1,46,64,154858
7997000,1,51,64,154873
7998000,1,56,64,154888
7999000,1,29,64,154903
8000000,1,35,64,154918
8001000,1,40,64,154935
8002000,1,46,64,154951
8003000,1,51,64,154966
8004000,1,56,64,154980
8005000,1,30,64,154996
8006000,1,35,64,155011
8007000,1,40,64,155027
8008000,1,46,64,155042
8009000,1,51,64,155058
8010000,1,57,64,155074
8011000,1,30,64,155094
8012000,1,35,64,155112
8013000,1,41,64,155128
8014000,1,46,64,155145
8015000,1,52,64,155162
8016000,1,57,64,155179
8017000,1,30,64,155198
8018000,1,35,64,155214
8019000,1,41,64,155236
8020000,1,46,64,155254
8021000,1,51,64,155271
8022000,1,57,64,155288
8023000,1,30,64,155306
8024000,1,35,64,155325
8025000,1,41,64,155344
8026000,1,46,64,155363
8027000,1,51,64,155383
8028000,1,57,64,155400
8029000,1,30,64,155423
8030000,1,35,64,155443
8031000,1,40,64,155461
8032000,1,46,64,155482
8033000,1,51,64,155500
8034000,1,57,64,155516
8035000,1,30,64,155532
8036000,1,35,64,155547
8037000,1,41,64,155566
8038000,1,46,64,155583
8039000,1,51,64,155598
8040000,1,57,64,155613
8041000,1,30,64,155629
8042000,1,35,64,155645
8043000,1,41,64,155661
8044000,1,46,64,155677
8045000,1,51,64,155692
8046000,1,57,64,155706
8047000,1,30,64,155721
8048000,1,35,64,155735
8049000,1,40,64,155751
8050000,1,46,64,155765
8051000,1,51,64,155779
8052000,1,57,64,155794
8053000,1,30,64,155810
8054000,1,35,64,155826
8055000,1,41,64,155840
8056000,1,46,64,155855
8057000,1,52,64,155869
8058000,1,57,64,155888
8059000,1,30,64,155904
8060000,1,35,64,155919
8061000,1,40,64,155937
8062000,1,46,64,155953
8063000,1,51,64,155968
8064000,1,57,64,155983
8065000,1,30,64,155999
8066000,1,35,64,156015
8067000,1,40,64,156031
8068000,1,46,64,156046
8069000,1,51,64,156061
8070000,1,57,64,156077
8071000,1,30,64,156093
8072000,1,35,64,156108
8073000,1,40,64,156124
8074000,1,46,64,156140
8075000,1,51,64,156156
8076000,1,56,64,156171
8077000,1,30,64,156187
8078000,1,35,64,156202
8079000,1,41,64,156219
8080000,1,46,64,156234
8081000,1,51,64,156249
8082000,1,57,64,156264
8083000,1,30,64,156280
8084000,1,35,64,156297
8085000,1,41,64,156312
8086000,1,46,64,156329
8087000,1,51,64,156344
8088000,1,57,64,156360
8089000,1,29,64,156375
8090000,1,35,64,156392
8091000,1,40,64,156408
8092000,1,45,64,156423
8093000,1,51,64,156438
8094000,1,56,64,156455
8095000,1,30,64,156474
8096000,1,35,64,156492
8097000,1,40,64,156509
8098000,1,46,64,156526
8099000,1,51,64,156542
8100000,1,56,64,156560
8101000,1,30,64,156578
8102000,1,35,64,156597
8103000,1,40,64,156614
8104000,1,46,64,156629
8105000,1,51,64,156645
8106000,1,57,64,156661
8107000,1,29,64,156677
8108000,1,35,64,156692
8109000,1,40,64,156708
8110000,1,45,64,156723
8111000,1,51,64,156739
8112000,1,56,64,156753
8113000,1,30,64,156770
8114000,1,35,64,156787
8115000,1,40,64,156802
8116000,1,46,64,156819
8117000,1,51,64,156834
8118000,1,56,64,156850
8119000,1,29,64,156868
8120000,1,35,64,156882
8121000,1,40,64,156902
8122000,1,46,64,156918
8123000,1,51,64,156935
8124000,1,56,64,156950
8125000,1,30,64,156968
8126000,1,35,64,156984
8127000,1,40,64,156999
8128000,1,46,64,157014
8129000,1,51,64,157031
8130000,1,57,64,157050
8131000,1,30,64,157067
8132000,1,35,64,157086
8133000,1,41,64,157103
8134000,1,46,64,157121
8135000,1,52,64,157137
8136000,1,57,64,157158
8137000,1,29,64,157183
8138000,1,35,64,157204
8139000,1,40,64,157223
8140000,1,46,64,157241
8141000,1,51,64,157260
8142000,1,56,64,157280
8143000,1,30,64,157299
8144000,1,35,64,157316
8145000,1,41,64,157333
8146000,1,46,64,157350
8147000,1,51,64,157372
8148000,1,57,64,157394
8149000,1,30,64,157418
8150000,1,35,64,157436
8151000,1,41,64,157453
8152000,1,46,64,157470
8153000,1,51,64,157489
8154000,1,57,64,157503
8155000,1,30,64,157522
8156000,1,35,64,157539
8157000,1,41,64,157555
8158000,1,46,64,157570
8159000,1,51,64,157585
8160000,1,57,64,157601
8161000,1,30,64,157619
8162000,1,35,64,157636
8163000,1,41,64,157652
8164000,1,46,64,157668
8165000,1,52,64,157685
8166000,1,57,64,157700
8167000,1,30,64,157716
8168000,1,35,64,157731
8169000,1,40,64,157747
8170000,1,46,64,157764
8171000,1,51,64,157779
8172000,1,57,64,157795
8173000,1,30,64,157811
8174000,1,35,64,157826
8175000,1,40,64,157840
8176000,1,46,64,157857
8177000,1,51,64,157873
8178000,1,57,64,157887
8179000,1,30,64,157903
8180000,1,35,64,157920
8181000,1,41,64,157936
8182000,1,46,64,157954
8183000,1,51,64,157971
8184000,1,57,64,157988
8185000,1,30,64,158005
8186000,1,35,64,158021
8187000,1,41,64,158037
8188000,1,46,64,158055
8189000,1,51,64,158071
8190000,1,57,64,158088
8191000,1,30,64,158109
8192000,1,35,64,158130
8193000,1,40,64,158148
8194000,1,46,64,158164
8195000,1,51,64,158180
8196000,1,56,64,158198
8197000,1,30,64,158216
8198000,1,35,64,158232
8199000,1,41,64,158247
8200000,1,46,64,158262
8201000,1,51,64,158278
8202000,1,57,64,158294
8203000,1,30,64,158311
8204000,1,35,64,158330
8205000,1,40,64,158345
8206000,1,46,64,158362
8207000,1,51,64,158378
8208000,1,57,64,158394
8209000,1,29,64,158411
8210000,1,35,64,158426
8211000,1,40,64,158441
8212000,1,45,64,158459
8213000,1,51,64,158478
8214000,1,56,64,158499
8215000,1,30,64,158516
8216000,1,35,64,158535
8217000,1,40,64,158551
8218000,1,46,64,158568
8219000,1,51,64,158585
8220000,1,56,64,158603
8221000,1,30,64,158620
8222000,1,35,64,158636
8223000,1,40,64,158653
8224000,1,46,64,158670
8225000,1,51,64,158688
8226000,1,57,64,158704
8227000,1,29,64,158720
8228000,1,35,64,158735
8229000,1,40,64,158751
8230000,1,45,64,158766
8231000,1,51,64,158782
8232000,1,56,64,158799
8233000,1,30,64,158818
8234000,1,35,64,158835
8235000,1,40,64,158850
8236000,1,46,64,158865
8237000,1,51,64,158880
8238000,1,57,64,158897
8239000,1,29,64,158913
8240000,1,35,64,158930
8241000,1,40,64,158945
8242000,1,46,64,158962
8243000,1,51,64,158983
8244000,1,56,64,159002
8245000,1,30,64,159019
8246000,1,35,64,159035
8247000,1,40,64,159054
8248000,1,46,64,159072
8249000,1,51,64,159088
8250000,1,57,64,159104
8251000,1,30,64,159121
8252000,1,35,64,159138
8253000,1,41,64,159154
8254000,1,46,64,159171
8255000,1,52,64,159190
8256000,1,57,64,159209
8257000,1,29,64,159227
8258000,1,35,64,159244
8259000,1,40,64,159260
8260000,1,46,64,159279
8261000,1,51,64,159298
8262000,1,57,64,159316
8263000,1,30,64,159336
8264000,1,35,64,159353
8265000,1,41,64,159370
8266000,1,46,64,159392
8267000,1,52,64,159413
8268000,1,57,64,159432
8269000,1,29,64,159451
8270000,1,35,64,159468
8271000,1,40,64,159486
8272000,1,46,64,159502
8273000,1,51,64,159521
8274000,1,56,64,159539
8275000,1,30,64,159556
8276000,1,35,64,159571
8277000,1,41,64,159587
8278000,1,46,64,159603
8279000,1,51,64,159619
8280000,1,57,64,159635
8281000,1,29,64,159652
8282000,1,35,64,159667
8283000,1,40,64,159682
8284000,1,46,64,159697
8285000,1,51,64,159712
8286000,1,56,64,159729
8287000,1,30,64,159744
8288000,1,35,64,159759
8289000,1,41,64,159774
8290000,1,46,64,159789
8291000,1,51,64,159804
8292000,1,57,64,159819
8293000,1,30,64,159834
8294000,1,35,64,159852
8295000,1,41,64,159870
8296000,1,46,64,159885
8297000,1,51,64,159900
8298000,1,57,64,159915
8299000,1,30,64,159931
8300000,1,35,64,159946
8301000,1,41,64,159963
8302000,1,46,64,159979
8303000,1,51,64,159997
8304000,1,57,64,160022
8305000,1,30,64,160040
8306000,1,35,64,160065
8307000,1,41,64,160091
8308000,1,46,64,160116
8309000,1,51,64,160166
8310000,1,57,64,160184
8311000,1,30,64,160208
8312000,1,35,64,160226
8313000,1,40,64,160245
8314000,1,46,64,160264
8315000,1,51,64,160281
8316000,1,57,64,160301
8317000,1,30,64,160318
8318000,1,35,64,160335
8319000,1,41,64,160355
8320000,1,46,64,160374
8321000,1,51,64,160393
8322000,1,57,64,160414
8323000,1,29,64,160434
8324000,1,35,64,160452
8325000,1,40,64,160468
8326000,1,45,64,160502
8327000,1,51,64,160523
8328000,1,56,64,160544
8329000,1,29,64,160564
8330000,1,35,64,160583
8331000,1,40,64,160606
8332000,1,45,64,160623
8333000,1,51,64,160640
8334000,1,56,64,160910
8335000,1,30,64,160975
8336000,1,35,64,160996
8337000,1,40,64,161028
8338000,1,46,64,161047
8339000,1,51,64,161065
8340000,1,56,64,161087
8341000,1,30,64,161110
8342000,1,35,64,161126
8343000,1,40,64,161142
8344000,1,46,64,161163
8345000,1,51,64,161180
8346000,1,57,64,161198
8347000,1,29,64,161217
8348000,1,35,64,161233
8349000,1,40,64,161249
8350000,1,45,64,161276
8351000,1,51,64,161294
8352000,1,56,64,161311
8353000,1,30,64,161333
8354000,1,35,64,161351
8355000,1,40,64,161368
8356000,1,46,64,161384
8357000,1,51,64,161406
8358000,1,57,64,161421
8359000,1,29,64,161440
8360000,1,35,64,161457
8361000,1,40,64,161478
8362000,1,46,64,161502
8363000,1,51,64,161523
8364000,1,56,64,161547
8365000,1,30,64,161568
8366000,1,35,64,161586
8367000,1,41,64,161604
8368000,1,46,64,161620
8369000,1,51,64,161641
8370000,1,57,64,161660
8371000,1,30,64,161679
8372000,1,35,64,161696
8373000,1,41,64,161716
8374000,1,46,64,161736
8375000,1,52,64,161753
8376000,1,57,64,161771
8377000,1,29,64,161790
8378000,1,35,64,161808
8379000,1,40,64,161827
8380000,1,46,64,161846
8381000,1,51,64,161864
8382000,1,57,64,161882
8383000,1,30,64,161903
8384000,1,35,64,161921
8385000,1,41,64,161940
8386000,1,46,64,161961
8387000,1,52,64,161988
8388000,1,57,64,162013
8389000,1,29,64,162042
8390000,1,35,64,162063
8391000,1,40,64,162098
8392000,1,46,64,162135
8393000,1,51,64,162163
8394000,1,56,64,162185
8395000,1,30,64,162205
8396000,1,35,64,162222
8397000,1,41,64,162246
8398000,1,46,64,162264
8399000,1,52,64,162282
8400000,1,57,64,162303
8401000,1,29,64,162330
8402000,1,35,64,162357
8403000,1,40,64,162376
8404000,1,46,64,162394
8405000,1,51,64,162413
8406000,1,56,64,162431
8407000,1,30,64,162448
8408000,1,35,64,162464
8409000,1,41,64,162486
8410000,1,46,64,162503
8411000,1,52,64,162519
8412000,1,57,64,162538
8413000,1,30,64,162558
8414000,1,35,64,162574
8415000,1,41,64,162592
8416000,1,46,64,162610
8417000,1,52,64,162626
8418000,1,57,64,162642
8419000,1,30,64,162660
8420000,1,35,64,162676
8421000,1,41,64,162694
8422000,1,46,64,162714
8423000,1,52,64,162732
8424000,1,57,64,162749
8425000,1,29,64,162765
8426000,1,35,64,162790
8427000,1,40,64,162809
8428000,1,46,64,162825
8429000,1,51,64,162841
8430000,1,56,64,162856
8431000,1,30,64,162878
8432000,1,35,64,162895
8433000,1,40,64,162914
8434000,1,46,64,162937
8435000,1,51,64,162959
8436000,1,57,64,162976
8437000,1,30,64,162995
8438000,1,35,64,163012
8439000,1,41,64,163027
8440000,1,46,64,163045
8441000,1,52,64,163064
8442000,1,57,64,163083
8443000,1,29,64,163100
8444000,1,35,64,163115
8445000,1,40,64,163138
8446000,1,45,64,163155
8447000,1,51,64,163174
8448000,1,56,64,163190
8449000,1,29,64,163214
8450000,1,35,64,163230
8451000,1,40,64,163247
8452000,1,45,64,163264
8453000,1,51,64,163280
8454000,1,56,64,163296
8455000,1,30,64,163316
8456000,1,35,64,163334
8457000,1,40,64,163351
8458000,1,46,64,163367
8459000,1,51,64,163383
8460000,1,56,64,163399
8461000,1,30,64,163419
8462000,1,35,64,163435
8463000,1,40,64,163451
8464000,1,46,64,163467
8465000,1,51,64,163491
8466000,1,57,64,163511
8467000,1,29,64,163531
8468000,1,35,64,163553
8469000,1,40,64,163574
8470000,1,46,64,163592
8471000,1,51,64,163608
8472000,1,56,64,163625
8473000,1,30,64,163648
8474000,1,35,64,163669
8475000,1,40,64,163712
8476000,1,46,64,163736
8477000,1,51,64,163755
8478000,1,57,64,163773
8479000,1,30,64,163795
8480000,1,35,64,163823
8481000,1,40,64,163841
8482000,1,46,64,163857
8483000,1,51,64,163880
8484000,1,56,64,163900
8485000,1,30,64,163920
8486000,1,35,64,163942
8487000,1,41,64,163973
8488000,1,46,64,163992
8489000,1,51,64,164009
8490000,1,57,64,164030
8491000,1,30,64,164051
8492000,1,35,64,164074
8493000,1,40,64,164097
8494000,1,46,64,164118
8495000,1,51,64,164136
8496000,1,57,64,164153
8497000,1,30,64,164175
8498000,1,35,64,164195
8499000,1,40,64,164217
8500000,1,46,64,164241
8501000,1,51,64,164259
8502000,1,57,64,164283
8503000,1,30,64,164302
8504000,1,35,64,164320
8505000,1,41,64,164342
8506000,1,46,64,164359
8507000,1,52,64,164383
8508000,1,57,64,164404
8509000,1,30,64,164424
8510000,1,35,64,164441
8511000,1,40,64,164458
8512000,1,46,64,164475
8513000,1,51,64,164493
8514000,1,57,64,164508
8515000,1,30,64,164527
8516000,1,35,64,164545
8517000,1,41,64,164560
8518000,1,46,64,164575
8519000,1,52,64,164592
8520000,1,57,64,164607
8521000,1,29,64,164623
8522000,1,35,64,164637
8523000,1,40,64,164656
8524000,1,46,64,164671
8525000,1,51,64,164685
8526000,1,56,64,164707
8527000,1,30,64,164729
8528000,1,35,64,164745
8529000,1,41,64,164759
8530000,1,46,64,164775
8531000,1,52,64,164793
8532000,1,57,64,164812
8533000,1,29,64,164828
8534000,1,35,64,164848
8535000,1,40,64,164862
8536000,1,46,64,164878
8537000,1,51,64,164893
8538000,1,57,64,164913
8539000,1,30,64,164935
8540000,1,35,64,164953
8541000,1,41,64,164968
8542000,1,46,64,164984
8543000,1,52,64,165006
8544000,1,57,64,165031
8545000,1,29,64,165051
8546000,1,35,64,165066
8547000,1,40,64,165084
8548000,1,45,64,165100
8549000,1,51,64,165115
8550000,1,56,64,165130
8551000,1,30,64,165147
8552000,1,35,64,165170
8553000,1,40,64,165196
8554000,1,46,64,165222
8555000,1,51,64,165239
8556000,1,57,64,165256
8557000,1,30,64,165272
8558000,1,35,64,165291
8559000,1,41,64,165309
8560000,1,46,64,165332
8561000,1,51,64,165354
8562000,1,57,64,165374
8563000,1,30,64,165391
8564000,1,35,64,165408
8565000,1,40,64,165424
8566000,1,46,64,165438
8567000,1,51,64,165456
8568000,1,56,64,165472
8569000,1,30,64,165492
8570000,1,35,64,165510
8571000,1,41,64,165526
8572000,1,46,64,165542
8573000,1,51,64,165563
8574000,1,57,64,165585
8575000,1,29,64,165605
8576000,1,35,64,165623
8577000,1,40,64,165640
8578000,1,46,64,165655
8579000,1,51,64,165671
8580000,1,56,64,165687
8581000,1,30,64,165706
8582000,1,35,64,165721
8583000,1,40,64,165736
8584000,1,46,64,165752
8585000,1,51,64,165768
8586000,1,57,64,165785
8587000,1,30,64,165806
8588000,1,35,64,165823
8589000,1,41,64,165840
8590000,1,46,64,165855
8591000,1,51,64,165872
8592000,1,57,64,165887
8593000,1,30,64,165904
8594000,1,35,64,165919
8595000,1,40,64,165935
8596000,1,46,64,165951
8597000,1,51,64,165969
8598000,1,57,64,165987
8599000,1,29,64,166004
8600000,1,35,64,166021
8601000,1,40,64,166038
8602000,1,46,64,166056
8603000,1,51,64,166074
8604000,1,56,64,166090
8605000,1,30,64,166109
8606000,1,35,64,166125
8607000,1,41,64,166141
8608000,1,46,64,166159
8609000,1,51,64,166176
8610000,1,57,64,166198
8611000,1,30,64,166219
8612000,1,35,64,166236
8613000,1,41,64,166255
8614000,1,46,64,166272
8615000,1,51,64,166295
8616000,1,57,64,166321
8617000,1,30,64,166349
8618000,1,35,64,166375
8619000,1,40,64,166400
8620000,1,46,64,166421
8621000,1,51,64,166442
8622000,1,57,64,166460
8623000,1,30,64,166481
8624000,1,35,64,166499
8625000,1,40,64,166515
8626000,1,46,64,166530
8627000,1,51,64,166546
8628000,1,57,64,166563
8629000,1,30,64,166581
8630000,1,35,64,166596
8631000,1,40,64,166612
8632000,1,46,64,166628
8633000,1,51,64,166646
8634000,1,57,64,166662
8635000,1,30,64,166679
8636000,1,35,64,166695
8637000,1,41,64,166713
8638000,1,46,64,166728
8639000,1,52,64,166742
8640000,1,57,64,166757
8641000,1,29,64,166772
8642000,1,35,64,166787
8643000,1,40,64,166801
8644000,1,46,64,166817
8645000,1,51,64,166833
8646000,1,57,64,166848
8647000,1,30,64,166864
8648000,1,35,64,166882
8649000,1,41,64,166902
8650000,1,46,64,166917
8651000,1,52,64,166932
8652000,1,57,64,166951
8653000,1,30,64,166968
8654000,1,35,64,166984
8655000,1,40,64,167000
8656000,1,46,64,167015
8657000,1,51,64,167030
8658000,1,57,64,167046
8659000,1,30,64,167062
8660000,1,35,64,167079
8661000,1,41,64,167094
8662000,1,46,64,167109
8663000,1,52,64,167125
8664000,1,57,64,167140
8665000,1,29,64,167157
8666000,1,35,64,167172
8667000,1,40,64,167187
8668000,1,45,64,167204
8669000,1,51,64,167223
8670000,1,56,64,167238
8671000,1,30,64,167254
8672000,1,35,64,167269
8673000,1,40,64,167287
8674000,1,46,64,167304
8675000,1,51,64,167322
8676000,1,57,64,167339
8677000,1,30,64,167355
8678000,1,35,64,167370
8679000,1,40,64,167388
8680000,1,46,64,167407
8681000,1,51,64,167426
8682000,1,56,64,167441
8683000,1,29,64,167457
8684000,1,35,64,167476
8685000,1,40,64,167497
8686000,1,46,64,167514
8687000,1,51,64,167532
8688000,1,56,64,167549
8689000,1,30,64,167566
8690000,1,35,64,167582
8691000,1,41,64,167598
8692000,1,46,64,167616
8693000,1,51,64,167633
8694000,1,57,64,167650
8695000,1,30,64,167667
8696000,1,35,64,167683
8697000,1,40,64,167700
8698000,1,46,64,167716
8699000,1,51,64,167733
8700000,1,56,64,167750
8701000,1,30,64,167766
8702000,1,35,64,167783
8703000,1,40,64,167799
8704000,1,46,64,167818
8705000,1,51,64,167837
8706000,1,57,64,167855
8707000,1,30,64,167871
8708000,1,35,64,167887
8709000,1,41,64,167902
8710000,1,46,64,167917
8711000,1,51,64,167935
8712000,1,57,64,167950
8713000,1,30,64,167969
8714000,1,35,64,167987
8715000,1,40,64,168003
8716000,1,46,64,168021
8717000,1,51,64,168035
8718000,1,57,64,168051
8719000,1,29,64,168069
8720000,1,35,64,168085
8721000,1,40,64,168102
8722000,1,46,64,168118
8723000,1,51,64,168139
8724000,1,56,64,168158
8725000,1,30,64,168176
8726000,1,35,64,168192
8727000,1,41,64,168208
8728000,1,46,64,168233
8729000,1,51,64,168252
8730000,1,57,64,168270
8731000,1,30,64,168289
8732000,1,35,64,168307
8733000,1,41,64,168325
8734000,1,46,64,168344
8735000,1,51,64,168363
8736000,1,57,64,168381
8737000,1,30,64,168402
8738000,1,35,64,168423
8739000,1,41,64,168445
8740000,1,46,64,168463
8741000,1,51,64,168484
8742000,1,57,64,168508
8743000,1,30,64,168525
8744000,1,35,64,168540
8745000,1,40,64,168555
8746000,1,46,64,168578
8747000,1,51,64,168595
8748000,1,57,64,168611
8749000,1,30,64,168630
8750000,1,35,64,168646
8751000,1,40,64,168663
8752000,1,46,64,168719
8753000,1,51,64,168737
8754000,1,57,64,168754
8755000,1,30,64,168771
8756000,1,35,64,168789
8757000,1,40,64,168804
8758000,1,46,64,168823
8759000,1,51,64,168839
8760000,1,57,64,168857
8761000,1,30,64,168874
8762000,1,35,64,168890
8763000,1,40,64,168906
8764000,1,46,64,168922
8765000,1,51,64,168940
8766000,1,57,64,168956
8767000,1,30,64,168978
8768000,1,35,64,168995
8769000,1,41,64,169013
8770000,1,46,64,169038
8771000,1,52,64,169054
8772000,1,57,64,169070
8773000,1,30,64,169089
8774000,1,35,64,169108
8775000,1,40,64,169124
8776000,1,46,64,169140
8777000,1,51,64,169156
8778000,1,57,64,169172
8779000,1,30,64,169187
8780000,1,35,64,169206
8781000,1,41,64,169230
8782000,1,46,64,169256
8783000,1,52,64,169278
8784000,1,57,64,169302
8785000,1,29,64,169325
8786000,1,35,64,169345
8787000,1,40,64,169369
8788000,1,45,64,169386
8789000,1,51,64,169404
8790000,1,56,64,169422
8791000,1,30,64,169440
8792000,1,35,64,169458
8793000,1,40,64,169478
8794000,1,46,64,169496
8795000,1,51,64,169514
8796000,1,57,64,169533
8797000,1,30,64,169561
8798000,1,35,64,169584
8799000,1,41,64,169604
8800000,1,46,64,169625
8801000,1,51,64,169649
8802000,1,57,64,169665
8803000,1,29,64,169684
8804000,1,35,64,169701
8805000,1,40,64,169723
8806000,1,46,64,169740
8807000,1,51,64,169756
8808000,1,56,64,169774
8809000,1,30,64,169801
8810000,1,35,64,169827
8811000,1,40,64,169850
8812000,1,46,64,169867
8813000,1,51,64,169883
8814000,1,57,64,169900
8815000,1,29,64,169919
8816000,1,35,64,169935
8817000,1,40,64,169950
8818000,1,46,64,169966
8819000,1,51,64,169981
8820000,1,56,64,169998
8821000,1,30,64,170014
8822000,1,35,64,170033
8823000,1,40,64,170062
8824000,1,46,64,170078
8825000,1,51,64,170094
8826000,1,56,64,170114
8827000,1,30,64,170134
8828000,1,35,64,170160
8829000,1,41,64,170179
8830000,1,46,64,170196
8831000,1,51,64,170215
8832000,1,57,64,170236
8833000,1,30,64,170260
8834000,1,35,64,170282
8835000,1,40,64,170301
8836000,1,46,64,170320
8837000,1,51,64,170342
8838000,1,56,64,170361
8839000,1,29,64,170380
8840000,1,35,64,170401
8841000,1,40,64,170421
8842000,1,46,64,170439
8843000,1,51,64,170458
8844000,1,56,64,170477
8845000,1,30,64,170499
8846000,1,35,64,170519
8847000,1,41,64,170539
8848000,1,46,64,170558
8849000,1,51,64,170575
8850000,1,57,64,170594
8851000,1,30,64,170613
8852000,1,35,64,170631
8853000,1,41,64,170649
8854000,1,46,64,170667
8855000,1,51,64,170688
8856000,1,57,64,170708
8857000,1,30,64,170727
8858000,1,35,64,170750
8859000,1,40,64,170769
8860000,1,46,64,170788
8861000,1,51,64,170805
8862000,1,57,64,170821
8863000,1,30,64,170843
8864000,1,35,64,170864
8865000,1,40,64,170880
8866000,1,46,64,170901
8867000,1,51,64,170922
8868000,1,57,64,170938
8869000,1,30,64,170955
8870000,1,35,64,170972
8871000,1,40,64,170990
8872000,1,46,64,171012
8873000,1,51,64,171026
8874000,1,57,64,171044
8875000,1,30,64,171065
8876000,1,35,64,171083
8877000,1,40,64,171099
8878000,1,46,64,171114
8879000,1,52,64,171130
8880000,1,57,64,171145
8881000,1,30,64,171161
8882000,1,35,64,171177
8883000,1,40,64,171195
8884000,1,46,64,171214
8885000,1,51,64,171235
8886000,1,57,64,171254
8887000,1,30,64,171275
8888000,1,35,64,171291
8889000,1,40,64,171307
8890000,1,46,64,171324
8891000,1,51,64,171350
8892000,1,57,64,171374
8893000,1,30,64,171395
8894000,1,35,64,171412
8895000,1,40,64,171430
8896000,1,46,64,171447
8897000,1,51,64,171465
8898000,1,57,64,171491
8899000,1,30,64,171512
8900000,1,35,64,171530
8901000,1,41,64,171547
8902000,1,46,64,171564
8903000,1,52,64,171580
8904000,1,57,64,171596
8905000,1,29,64,171616
8906000,1,35,64,171637
8907000,1,40,64,171658
8908000,1,46,64,171674
8909000,1,51,64,171696
8910000,1,56,64,171715
8911000,1,30,64,171739
8912000,1,35,64,171757
8913000,1,41,64,171774
8914000,1,46,64,171791
8915000,1,51,64,171807
8916000,1,57,64,171828
8917000,1,30,64,171844
8918000,1,35,64,171859
8919000,1,41,64,171875
8920000,1,46,64,171897
8921000,1,51,64,171916
8922000,1,57,64,171933
8923000,1,29,64,171953
8924000,1,35,64,171971
8925000,1,40,64,171988
8926000,1,46,64,172008
8927000,1,51,64,172029
8928000,1,56,64,172051
8929000,1,30,64,172070
8930000,1,35,64,172091
8931000,1,40,64,172113
8932000,1,46,64,172147
8933000,1,51,64,172178
8934000,1,56,64,172198
8935000,1,29,64,172220
8936000,1,35,64,172235
8937000,1,40,64,172250
8938000,1,45,64,172265
8939000,1,51,64,172289
8940000,1,56,64,172314
8941000,1,30,64,172339
8942000,1,35,64,172355
8943000,1,40,64,172370
8944000,1,46,64,172390
8945000,1,51,64,172407
8946000,1,56,64,172424
8947000,1,30,64,172451
8948000,1,35,64,172487
8949000,1,41,64,172511
8950000,1,46,64,172531
8951000,1,51,64,172548
8952000,1,57,64,172566
8953000,1,30,64,172586
8954000,1,35,64,172603
8955000,1,40,64,172626
8956000,1,46,64,172645
8957000,1,51,64,172662
8958000,1,57,64,172683
8959000,1,29,64,172701
8960000,1,35,64,172719
8961000,1,40,64,172737
8962000,1,46,64,172756
8963000,1,51,64,172774
8964000,1,56,64,172799
8965000,1,30,64,172821
8966000,1,35,64,172840
8967000,1,41,64,172858
8968000,1,46,64,172877
8969000,1,52,64,172895
8970000,1,57,64,172914
8971000,1,29,64,172935
8972000,1,35,64,172955
8973000,1,40,64,172973
8974000,1,46,64,172992
8975000,1,51,64,173013
8976000,1,56,64,173035
8977000,1,30,64,173057
8978000,1,35,64,173076
8979000,1,41,64,173093
8980000,1,46,64,173111
8981000,1,51,64,173131
8982000,1,57,64,173153
8983000,1,30,64,173176
8984000,1,35,64,173193
8985000,1,41,64,173209
8986000,1,46,64,173230
8987000,1,51,64,173253
8988000,1,57,64,173278
8989000,1,30,64,173300
8990000,1,35,64,173320
8991000,1,41,64,173336
8992000,1,46,64,173352
8993000,1,51,64,173373
8994000,1,57,64,173392
8995000,1,30,64,173410
8996000,1,35,64,173427
8997000,1,40,64,173447
8998000,1,46,64,173461
8999000,1,51,64,173481
9000000,1,57,64,173498
9001000,1,30,64,173515
9002000,1,35,64,173529
9003000,1,40,64,173552
9004000,1,46,64,173570
9005000,1,51,64,173586
9006000,1,57,64,173603
9007000,1,30,64,173623
9008000,1,35,64,173638
9009000,1,41,64,173657
9010000,1,46,64,173674
9011000,1,52,64,173693
9012000,1,57,64,173713
9013000,1,30,64,173734
9014000,1,35,64,173752
9015000,1,40,64,173768
9016000,1,46,64,173784
9017000,1,51,64,173803
9018000,1,57,64,173823
9019000,1,30,64,173839
9020000,1,35,64,173859
9021000,1,41,64,173877
9022000,1,46,64,173893
9023000,1,51,64,173911
9024000,1,57,64,173929
9025000,1,30,64,173949
9026000,1,35,64,173966
9027000,1,41,64,173992
9028000,1,46,64,174010
9029000,1,51,64,174027
9030000,1,57,64,174052
9031000,1,30,64,174070
9032000,1,35,64,174085
9033000,1,40,64,174101
9034000,1,46,64,174117
9035000,1,51,64,174133
9036000,1,56,64,174150
9037000,1,30,64,174166
9038000,1,35,64,174183
9039000,1,40,64,174200
9040000,1,46,64,174219
9041000,1,51,64,174236
9042000,1,57,64,174255
9043000,1,30,64,174277
9044000,1,35,64,174299
9045000,1,41,64,174319
9046000,1,46,64,174338
9047000,1,51,64,174356
9048000,1,57,64,174380
9049000,1,30,64,174408
9050000,1,35,64,174426
9051000,1,40,64,174443
9052000,1,46,64,174461
9053000,1,51,64,174480
9054000,1,56,64,174501
9055000,1,30,64,174521
9056000,1,35,64,174541
9057000,1,41,64,174559
9058000,1,46,64,174578
9059000,1,51,64,174597
9060000,1,57,64,174616
9061000,1,30,64,174639
9062000,1,35,64,174656
9063000,1,40,64,174673
9064000,1,46,64,174692
9065000,1,51,64,174710
9066000,1,56,64,174728
9067000,1,30,64,174756
9068000,1,35,64,174776
9069000,1,41,64,174801
9070000,1,46,64,174825
9071000,1,51,64,174846
9072000,1,57,64,174863
9073000,1,30,64,174881
9074000,1,35,64,174899
9075000,1,40,64,174917
9076000,1,46,64,174934
9077000,1,51,64,174950
9078000,1,56,64,174977
9079000,1,29,64,175003
9080000,1,35,64,175023
9081000,1,40,64,175045
9082000,1,46,64,175066
9083000,1,51,64,175089
9084000,1,56,64,175109
9085000,1,30,64,175127
9086000,1,35,64,175144
9087000,1,41,64,175171
9088000,1,46,64,175199
9089000,1,52,64,175224
9090000,1,57,64,175246
9091000,1,30,64,175264
9092000,1,35,64,175284
9093000,1,41,64,175308
9094000,1,46,64,175332
9095000,1,51,64,175357
9096000,1,57,64,175374
9097000,1,30,64,175392
9098000,1,35,64,175410
9099000,1,41,64,175428
9100000,1,46,64,175448
9101000,1,51,64,175465
9102000,1,57,64,175483
9103000,1,30,64,175502
9104000,1,35,64,175519
9105000,1,40,64,175535
9106000,1,46,64,175551
9107000,1,51,64,175570
9108000,1,57,64,175591
9109000,1,30,64,175607
9110000,1,35,64,175622
9111000,1,41,64,175640
9112000,1,46,64,175660
9113000,1,51,64,175680
9114000,1,57,64,175694
9115000,1,30,64,175711
9116000,1,35,64,175728
9117000,1,40,64,175743
9118000,1,46,64,175761
9119000,1,51,64,175778
9120000,1,57,64,175794
9121000,1,30,64,175812
9122000,1,35,64,175829
9123000,1,40,64,175850
9124000,1,46,64,175873
9125000,1,51,64,175893
9126000,1,57,64,175912
9127000,1,30,64,175933
9128000,1,36,64,175949
9129000,1,41,64,175965
9130000,1,46,64,175986
9131000,1,51,64,176004
9132000,1,57,64,176022
9133000,1,30,64,176049
9134000,1,35,64,176068
9135000,1,40,64,176084
9136000,1,46,64,176100
9137000,1,51,64,176115
9138000,1,57,64,176136
9139000,1,29,64,176165
9140000,1,35,64,176184
9141000,1,40,64,176202
9142000,1,46,64,176217
9143000,1,51,64,176233
9144000,1,56,64,176255
9145000,1,30,64,176275
9146000,1,35,64,176294
9147000,1,41,64,176312
9148000,1,46,64,176327
9149000,1,51,64,176342
9150000,1,57,64,176358
9151000,1,30,64,176376
9152000,1,35,64,176398
9153000,1,40,64,176418
9154000,1,46,64,176434
9155000,1,51,64,176449
9156000,1,56,64,176465
9157000,1,30,64,176487
9158000,1,35,64,176507
9159000,1,40,64,176525
9160000,1,46,64,176549
9161000,1,51,64,176571
9162000,1,57,64,176590
9163000,1,30,64,176608
9164000,1,35,64,176625
9165000,1,41,64,176648
9166000,1,46,64,176665
9167000,1,51,64,176681
9168000,1,57,64,176702
9169000,1,30,64,176719
9170000,1,35,64,176735
9171000,1,40,64,176752
9172000,1,46,64,176770
9173000,1,51,64,176786
9174000,1,56,64,176801
9175000,1,29,64,176824
9176000,1,35,64,176839
9177000,1,40,64,176858
9178000,1,45,64,176875
9179000,1,51,64,176892
9180000,1,56,64,176912
9181000,1,30,64,176931
9182000,1,35,64,176960
9183000,1,40,64,176979
9184000,1,46,64,176997
9185000,1,51,64,177020
9186000,1,56,64,177036
9187000,1,30,64,177053
9188000,1,35,64,177069
9189000,1,41,64,177097
9190000,1,46,64,177119
9191000,1,51,64,177137
9192000,1,57,64,177160
9193000,1,30,64,177186
9194000,1,35,64,177208
9195000,1,40,64,177236
9196000,1,46,64,177257
9197000,1,51,64,177274
9198000,1,57,64,177295
9199000,1,29,64,177313
9200000,1,35,64,177337
9201000,1,40,64,177361
9202000,1,46,64,177378
9203000,1,51,64,177396
9204000,1,56,64,177420
9205000,1,30,64,177443
9206000,1,35,64,177462
9207000,1,41,64,177488
9208000,1,46,64,177507
9209000,1,52,64,177525
9210000,1,57,64,177542
9211000,1,29,64,177563
9212000,1,35,64,177581
9213000,1,40,64,177598
9214000,1,46,64,177615
9215000,1,51,64,177631
9216000,1,56,64,177648
9217000,1,30,64,177665
9218000,1,35,64,177681
9219000,1,41,64,177700
9220000,1,46,64,177718
9221000,1,51,64,177735
9222000,1,57,64,177750
9223000,1,30,64,177775
9224000,1,35,64,177797
9225000,1,41,64,177817
9226000,1,46,64,177840
9227000,1,52,64,177857
9228000,1,57,64,177873
9229000,1,30,64,177893
9230000,1,35,64,177909
9231000,1,41,64,177923
9232000,1,46,64,177938
9233000,1,51,64,177956
9234000,1,57,64,177975
9235000,1,30,64,177991
9236000,1,35,64,178006
9237000,1,41,64,178022
9238000,1,46,64,178039
9239000,1,51,64,178055
9240000,1,57,64,178076
9241000,1,30,64,178111
9242000,1,35,64,178130
9243000,1,41,64,178145
9244000,1,46,64,178164
9245000,1,52,64,178187
9246000,1,57,64,178212
9247000,1,30,64,178233
9248000,1,35,64,178252
9249000,1,41,64,178270
9250000,1,46,64,178291
9251000,1,51,64,178307
9252000,1,57,64,178326
9253000,1,30,64,178348
9254000,1,35,64,178365
9255000,1,40,64,178389
9256000,1,46,64,178414
9257000,1,51,64,178432
9258000,1,57,64,178448
9259000,1,30,64,178467
9260000,1,35,64,178489
9261000,1,41,64,178505
9262000,1,46,64,178522
9263000,1,52,64,178543
9264000,1,57,64,178561
9265000,1,29,64,178581
9266000,1,35,64,178599
9267000,1,40,64,178618
9268000,1,46,64,178640
9269000,1,51,64,178658
9270000,1,56,64,178676
9271000,1,30,64,178692
9272000,1,35,64,178708
9273000,1,40,64,178724
9274000,1,46,64,178744
9275000,1,51,64,178760
9276000,1,56,64,178777
9277000,1,30,64,178795
9278000,1,35,64,178812
9279000,1,40,64,178828
9280000,1,46,64,178844
9281000,1,51,64,178860
9282000,1,57,64,178875
9283000,1,30,64,178896
9284000,1,35,64,178923
9285000,1,41,64,178938
9286000,1,46,64,178956
9287000,1,51,64,178977
9288000,1,57,64,178993
9289000,1,30,64,179010
9290000,1,35,64,179026
9291000,1,40,64,179040
9292000,1,46,64,179057
9293000,1,51,64,179074
9294000,1,56,64,179090
9295000,1,30,64,179109
9296000,1,35,64,179131
9297000,1,41,64,179156
9298000,1,46,64,179179
9299000,1,51,64,179196
9300000,1,57,64,179212
9301000,1,30,64,179230
9302000,1,35,64,179246
9303000,1,40,64,179261
9304000,1,46,64,179280
9305000,1,51,64,179304
9306000,1,56,64,179330
9307000,1,30,64,179358
9308000,1,35,64,179381
9309000,1,40,64,179397
9310000,1,46,64,179420
9311000,1,51,64,179440
9312000,1,57,64,179460
9313000,1,30,64,179480
9314000,1,35,64,179501
9315000,1,40,64,179519
9316000,1,46,64,179537
9317000,1,51,64,179554
9318000,1,57,64,179574
9319000,1,30,64,179594
9320000,1,35,64,179611
9321000,1,40,64,179629
9322000,1,46,64,179649
9323000,1,51,64,179669
9324000,1,57,64,179692
9325000,1,30,64,179716
9326000,1,35,64,179744
9327000,1,41,64,179769
9328000,1,46,64,179788
9329000,1,52,64,179806
9330000,1,57,64,179831
9331000,1,29,64,179853
9332000,1,35,64,179871
9333000,1,40,64,179887
9334000,1,46,64,179910
9335000,1,51,64,179928
9336000,1,57,64,179946
9337000,1,30,64,179966
9338000,1,35,64,179986
9339000,1,41,64,180004
9340000,1,46,64,180025
9341000,1,52,64,180046
9342000,1,57,64,180063
9343000,1,29,64,180081
9344000,1,35,64,180102
9345000,1,40,64,180118
9346000,1,46,64,180140
9347000,1,51,64,180157
9348000,1,57,64,180172
9349000,1,30,64,180193
9350000,1,35,64,180212
9351000,1,41,64,180238
9352000,1,46,64,180258
9353000,1,52,64,180279
9354000,1,57,64,180293
9355000,1,29,64,180310
9356000,1,35,64,180329
9357000,1,40,64,180347
9358000,1,46,64,180364
9359000,1,51,64,180383
9360000,1,57,64,180401
9361000,1,30,64,180419
9362000,1,35,64,180436
9363000,1,41,64,180453
9364000,1,46,64,180472
9365000,1,52,64,180494
9366000,1,57,64,180513
9367000,1,29,64,180531
9368000,1,35,64,180547
9369000,1,40,64,180562
9370000,1,46,64,180578
9371000,1,51,64,180594
9372000,1,56,64,180611
9373000,1,30,64,180629
9374000,1,35,64,180653
9375000,1,41,64,180671
9376000,1,46,64,180687
9377000,1,51,64,180710
9378000,1,57,64,180732
9379000,1,30,64,180750
9380000,1,35,64,180766
9381000,1,40,64,180790
9382000,1,46,64,180815
9383000,1,51,64,180840
9384000,1,57,64,180859
9385000,1,30,64,180877
9386000,1,35,64,180893
9387000,1,40,64,180909
9388000,1,45,64,180926
9389000,1,51,64,180942
9390000,1,56,64,180957
9391000,1,30,64,180973
9392000,1,35,64,180990
9393000,1,40,64,181009
9394000,1,46,64,181029
9395000,1,51,64,181050
9396000,1,56,64,181066
9397000,1,30,64,181093
9398000,1,35,64,181109
9399000,1,40,64,181124
9400000,1,46,64,181148
9401000,1,51,64,181167
9402000,1,57,64,181185
9403000,1,29,64,181206
9404000,1,35,64,181225
9405000,1,40,64,181244
9406000,1,46,64,181260
9407000,1,51,64,181276
9408000,1,56,64,181291
9409000,1,30,64,181311
9410000,1,35,64,181331
9411000,1,40,64,181355
9412000,1,46,64,181372
9413000,1,51,64,181390
9414000,1,57,64,181410
9415000,1,29,64,181429
9416000,1,35,64,181446
9417000,1,40,64,181463
9418000,1,46,64,181482
9419000,1,51,64,181502
9420000,1,56,64,181520
9421000,1,30,64,181537
9422000,1,35,64,181555
9423000,1,40,64,181573
9424000,1,46,64,181590
9425000,1,51,64,181617
9426000,1,57,64,181637
9427000,1,30,64,181663
9428000,1,35,64,181690
9429000,1,41,64,181710
9430000,1,46,64,181730
9431000,1,51,64,181748
9432000,1,57,64,181764
9433000,1,29,64,181781
9434000,1,35,64,181798
9435000,1,40,64,181818
9436000,1,45,64,181834
9437000,1,51,64,181858
9438000,1,56,64,181885
9439000,1,30,64,181912
9440000,1,35,64,181939
9441000,1,40,64,181959
9442000,1,46,64,181976
9443000,1,51,64,181995
9444000,1,57,64,182018
9445000,1,30,64,182050
9446000,1,35,64,182088
9447000,1,40,64,182113
9448000,1,46,64,182135
9449000,1,51,64,182157
9450000,1,57,64,182183
9451000,1,30,64,182209
9452000,1,35,64,182237
9453000,1,40,64,182281
9454000,1,46,64,182315
9455000,1,51,64,182339
9456000,1,57,64,182364
9457000,1,30,64,182399
9458000,1,35,64,182463
9459000,1,41,64,182491
9460000,1,46,64,182511
9461000,1,52,64,182530
9462000,1,57,64,182548
9463000,1,30,64,182564
9464000,1,35,64,182580
9465000,1,40,64,182599
9466000,1,46,64,182614
9467000,1,51,64,182629
9468000,1,57,64,182645
9469000,1,30,64,182661
9470000,1,35,64,182675
9471000,1,41,64,182690
9472000,1,46,64,182705
9473000,1,52,64,182719
9474000,1,57,64,182733
9475000,1,30,64,182752
9476000,1,35,64,182768
9477000,1,40,64,182784
9478000,1,46,64,182799
9479000,1,51,64,182814
9480000,1,57,64,182829
9481000,1,30,64,182844
9482000,1,36,64,182860
9483000,1,41,64,182875
9484000,1,46,64,182891
9485000,1,52,64,182907
9486000,1,57,64,182926
9487000,1,30,64,182943
9488000,1,35,64,182958
9489000,1,40,64,182972
9490000,1,46,64,182988
9491000,1,51,64,183003
9492000,1,56,64,183019
9493000,1,30,64,183035
9494000,1,35,64,183050
9495000,1,41,64,183065
9496000,1,46,64,183091
9497000,1,51,64,183115
9498000,1,57,64,183140
9499000,1,30,64,183160
9500000,1,35,64,183175
9501000,1,40,64,183191
9502000,1,46,64,183209
9503000,1,51,64,183227
9504000,1,57,64,183245
9505000,1,30,64,183269
9506000,1,35,64,183286
9507000,1,40,64,183305
9508000,1,45,64,183319
9509000,1,51,64,183334
9510000,1,56,64,183350
9511000,1,30,64,183366
9512000,1,35,64,183383
9513000,1,40,64,183401
9514000,1,46,64,183417
9515000,1,51,64,183432
9516000,1,56,64,183448
9517000,1,30,64,183463
9518000,1,35,64,183489
9519000,1,40,64,183508
9520000,1,46,64,183526
9521000,1,51,64,183549
9522000,1,57,64,183571
9523000,1,29,64,183591
9524000,1,35,64,183610
9525000,1,40,64,183629
9526000,1,45,64,183656
9527000,1,51,64,183675
9528000,1,56,64,183690
9529000,1,30,64,183708
9530000,1,35,64,183724
9531000,1,40,64,183742
9532000,1,46,64,183758
9533000,1,51,64,183774
9534000,1,57,64,183790
9535000,1,29,64,183807
9536000,1,35,64,183822
9537000,1,40,64,183838
9538000,1,46,64,183853
9539000,1,51,64,183869
9540000,1,56,64,183884
9541000,1,30,64,183901
9542000,1,35,64,183921
9543000,1,40,64,183939
9544000,1,46,64,183959
9545000,1,51,64,183980
9546000,1,56,64,184000
9547000,1,30,64,184018
9548000,1,35,64,184039
9549000,1,41,64,184055
9550000,1,46,64,184071
9551000,1,52,64,184093
9552000,1,57,64,184113
9553000,1,29,64,184132
9554000,1,35,64,184149
9555000,1,40,64,184171
9556000,1,46,64,184196
9557000,1,51,64,184222
9558000,1,56,64,184243
9559000,1,30,64,184264
9560000,1,35,64,184282
9561000,1,41,64,184299
9562000,1,46,64,184320
9563000,1,51,64,184339
9564000,1,57,64,184360
9565000,1,30,64,184383
9566000,1,36,64,184404
9567000,1,41,64,184424
9568000,1,46,64,184443
9569000,1,51,64,184460
9570000,1,57,64,184478
9571000,1,30,64,184496
9572000,1,35,64,184511
9573000,1,41,64,184528
9574000,1,46,64,184544
9575000,1,51,64,184560
9576000,1,57,64,184574
9577000,1,30,64,184591
9578000,1,36,64,184606
9579000,1,40,64,184622
9580000,1,46,64,184639
9581000,1,51,64,184662
9582000,1,57,64,184680
9583000,1,30,64,184696
9584000,1,35,64,184710
9585000,1,40,64,184725
9586000,1,46,64,184741
9587000,1,51,64,184759
9588000,1,57,64,184773
9589000,1,30,64,184792
9590000,1,35,64,184810
9591000,1,41,64,184828
9592000,1,46,64,184842
9593000,1,52,64,184858
9594000,1,57,64,184876
9595000,1,30,64,184893
9596000,1,35,64,184907
9597000,1,40,64,184922
9598000,1,46,64,184944
9599000,1,51,64,184963
9600000,1,57,64,184978
9601000,1,30,64,184994
9602000,1,35,64,185011
9603000,1,40,64,185028
9604000,1,46,64,185044
9605000,1,51,64,185059
9606000,1,57,64,185074
9607000,1,30,64,185089
9608000,1,35,64,185107
9609000,1,40,64,185123
9610000,1,46,64,185140
9611000,1,51,64,185156
9612000,1,56,64,185173
9613000,1,30,64,185188
9614000,1,35,64,185207
9615000,1,41,64,185222
9616000,1,46,64,185238
9617000,1,51,64,185253
9618000,1,57,64,185268
9619000,1,30,64,185286
9620000,1,35,64,185302
9621000,1,40,64,185318
9622000,1,46,64,185333
9623000,1,51,64,185349
9624000,1,56,64,185365
9625000,1,29,64,185382
9626000,1,35,64,185396
9627000,1,40,64,185412
9628000,1,45,64,185428
9629000,1,51,64,185444
9630000,1,56,64,185463
9631000,1,30,64,185482
9632000,1,35,64,185500
9633000,1,40,64,185517
9634000,1,46,64,185534
9635000,1,51,64,185550
9636000,1,56,64,185567
9637000,1,30,64,185586
9638000,1,35,64,185602
9639000,1,40,64,185619
9640000,1,46,64,185636
9641000,1,51,64,185653
9642000,1,57,64,185669
9643000,1,30,64,185684
9644000,1,35,64,185700
9645000,1,41,64,185716
9646000,1,46,64,185731
9647000,1,51,64,185746
9648000,1,57,64,185761
9649000,1,30,64,185779
9650000,1,35,64,185795
9651000,1,40,64,185814
9652000,1,46,64,185843
9653000,1,51,64,185861
9654000,1,56,64,185877
9655000,1,29,64,185896
9656000,1,35,64,185916
9657000,1,40,64,185931
9658000,1,45,64,185947
9659000,1,51,64,185971
9660000,1,56,64,185994
9661000,1,30,64,186030
9662000,1,35,64,186046
9663000,1,40,64,186062
9664000,1,46,64,186080
9665000,1,51,64,186099
9666000,1,57,64,186118
9667000,1,30,64,186139
9668000,1,35,64,186157
9669000,1,41,64,186177
9670000,1,46,64,186199
9671000,1,52,64,186217
9672000,1,57,64,186234
9673000,1,29,64,186255
9674000,1,35,64,186273
9675000,1,40,64,186292
9676000,1,46,64,186315
9677000,1,51,64,186337
9678000,1,56,64,186359
9679000,1,30,64,186377
9680000,1,35,64,186403
9681000,1,41,64,186424
9682000,1,46,64,186443
9683000,1,51,64,186464
9684000,1,57,64,186484
9685000,1,30,64,186503
9686000,1,36,64,186521
9687000,1,41,64,186540
9688000,1,46,64,186559
9689000,1,51,64,186574
9690000,1,57,64,186589
9691000,1,30,64,186608
9692000,1,35,64,186627
9693000,1,41,64,186641
9694000,1,46,64,186659
9695000,1,51,64,186678
9696000,1,57,64,186694
9697000,1,30,64,186709
9698000,1,35,64,186724
9699000,1,41,64,186743
9700000,1,46,64,186764
9701000,1,52,64,186778
9702000,1,57,64,186793
9703000,1,30,64,186815
9704000,1,35,64,186830
9705000,1,40,64,186844
9706000,1,46,64,186859
9707000,1,51,64,186874
9708000,1,57,64,186889
9709000,1,30,64,186904
9710000,1,36,64,186919
9711000,1,41,64,186936
9712000,1,46,64,186954
9713000,1,52,64,186971
9714000,1,57,64,186985
9715000,1,30,64,187000
9716000,1,35,64,187016
9717000,1,41,64,187031
9718000,1,46,64,187046
9719000,1,51,64,187063
9720000,1,57,64,187079
9721000,1,30,64,187097
9722000,1,35,64,187113
9723000,1,40,64,187133
9724000,1,46,64,187148
9725000,1,51,64,187163
9726000,1,57,64,187184
9727000,1,30,64,187202
9728000,1,35,64,187218
9729000,1,40,64,187234
9730000,1,46,64,187250
9731000,1,51,64,187265
9732000,1,56,64,187283
9733000,1,30,64,187300
9734000,1,35,64,187325
9735000,1,41,64,187341
9736000,1,46,64,187358
9737000,1,51,64,187376
9738000,1,57,64,187396
9739000,1,30,64,187414
9740000,1,35,64,187433
9741000,1,40,64,187450
9742000,1,46,64,187465
9743000,1,51,64,187488
9744000,1,56,64,187506
9745000,1,29,64,187525
9746000,1,35,64,187541
9747000,1,40,64,187557
9748000,1,45,64,187576
9749000,1,51,64,187593
9750000,1,56,64,187609
9751000,1,29,64,187626
9752000,1,35,64,187642
9753000,1,40,64,187658
9754000,1,46,64,187673
9755000,1,51,64,187689
9756000,1,56,64,187705
9757000,1,30,64,187721
9758000,1,35,64,187736
9759000,1,40,64,187750
9760000,1,46,64,187766
9761000,1,51,64,187782
9762000,1,57,64,187797
9763000,1,30,64,187813
9764000,1,35,64,187828
9765000,1,41,64,187843
9766000,1,46,64,187858
9767000,1,51,64,187873
9768000,1,57,64,187892
9769000,1,30,64,187909
9770000,1,35,64,187924
9771000,1,40,64,187939
9772000,1,46,64,187959
9773000,1,51,64,187973
9774000,1,57,64,187989
9775000,1,29,64,188005
9776000,1,35,64,188021
9777000,1,40,64,188037
9778000,1,46,64,188053
9779000,1,51,64,188072
9780000,1,56,64,188088
9781000,1,30,64,188104
9782000,1,35,64,188121
9783000,1,40,64,188139
9784000,1,46,64,188155
9785000,1,51,64,188173
9786000,1,57,64,188189
9787000,1,30,64,188206
9788000,1,35,64,188223
9789000,1,41,64,188239
9790000,1,46,64,188258
9791000,1,52,64,188279
9792000,1,57,64,188296
9793000,1,29,64,188319
9794000,1,35,64,188340
9795000,1,40,64,188357
9796000,1,46,64,188375
9797000,1,51,64,188393
9798000,1,56,64,188416
9799000,1,30,64,188435
9800000,1,35,64,188454
9801000,1,41,64,188475
9802000,1,46,64,188494
9803000,1,51,64,188512
9804000,1,57,64,188529
9805000,1,30,64,188548
9806000,1,35,64,188563
9807000,1,41,64,188578
9808000,1,46,64,188593
9809000,1,51,64,188611
9810000,1,57,64,188629
9811000,1,30,64,188645
9812000,1,35,64,188662
9813000,1,40,64,188677
9814000,1,46,64,188693
9815000,1,51,64,188708
9816000,1,57,64,188724
9817000,1,30,64,188739
9818000,1,35,64,188755
9819000,1,41,64,188770
9820000,1,46,64,188786
9821000,1,51,64,188801
9822000,1,57,64,188815
9823000,1,30,64,188830
9824000,1,35,64,188845
9825000,1,40,64,188860
9826000,1,46,64,188875
9827000,1,51,64,188889
9828000,1,57,64,188903
9829000,1,30,64,188921
9830000,1,36,64,188937
9831000,1,41,64,188952
9832000,1,46,64,188972
9833000,1,52,64,188985
9834000,1,57,64,189000
9835000,1,30,64,189015
9836000,1,35,64,189031
9837000,1,41,64,189052
9838000,1,46,64,189068
9839000,1,51,64,189084
9840000,1,57,64,189101
9841000,1,30,64,189119
9842000,1,35,64,189134
9843000,1,41,64,189148
9844000,1,46,64,189164
9845000,1,51,64,189179
9846000,1,57,64,189200
9847000,1,30,64,189224
9848000,1,35,64,189241
9849000,1,40,64,189256
9850000,1,46,64,189272
9851000,1,51,64,189290
9852000,1,56,64,189320
9853000,1,30,64,189349
9854000,1,35,64,189374
9855000,1,41,64,189395
9856000,1,46,64,189412
9857000,1,51,64,189431
9858000,1,57,64,189447
9859000,1,30,64,189465
9860000,1,35,64,189483
9861000,1,40,64,189502
9862000,1,46,64,189519
9863000,1,51,64,189536
9864000,1,56,64,189553
9865000,1,30,64,189571
9866000,1,35,64,189589
9867000,1,40,64,189612
9868000,1,46,64,189633
9869000,1,51,64,189649
9870000,1,57,64,189665
9871000,1,29,64,189681
9872000,1,35,64,189699
9873000,1,40,64,189716
9874000,1,46,64,189732
9875000,1,51,64,189751
9876000,1,56,64,189767
9877000,1,30,64,189782
9878000,1,35,64,189799
9879000,1,40,64,189820
9880000,1,46,64,189838
9881000,1,51,64,189855
9882000,1,56,64,189871
9883000,1,30,64,189887
9884000,1,35,64,189901
9885000,1,41,64,189916
9886000,1,46,64,189937
9887000,1,51,64,189952
9888000,1,57,64,189970
9889000,1,30,64,189991
9890000,1,35,64,190006
9891000,1,40,64,190022
9892000,1,46,64,190037
9893000,1,51,64,190052
9894000,1,56,64,190068
9895000,1,30,64,190084
9896000,1,35,64,190099
9897000,1,41,64,190116
9898000,1,46,64,190133
9899000,1,51,64,190153
9900000,1,57,64,190173
9901000,1,30,64,190198
9902000,1,35,64,190219
9903000,1,40,64,190235
9904000,1,46,64,190260
9905000,1,51,64,190280
9906000,1,57,64,190299
9907000,1,30,64,190325
9908000,1,35,64,190342
9909000,1,41,64,190362
9910000,1,46,64,190382
9911000,1,52,64,190400
9912000,1,57,64,190416
9913000,1,29,64,190435
9914000,1,35,64,190454
9915000,1,40,64,190476
9916000,1,46,64,190496
9917000,1,51,64,190513
9918000,1,56,64,190530
9919000,1,30,64,190547
9920000,1,35,64,190563
9921000,1,41,64,190581
9922000,1,46,64,190598
9923000,1,52,64,190614
9924000,1,57,64,190634
9925000,1,30,64,190650
9926000,1,35,64,190665
9927000,1,41,64,190683
9928000,1,46,64,190699
9929000,1,51,64,190715
9930000,1,57,64,190729
9931000,1,30,64,190749
9932000,1,35,64,190765
9933000,1,41,64,190785
9934000,1,46,64,190803
9935000,1,51,64,190841
9936000,1,57,64,190862
9937000,1,30,64,190879
9938000,1,36,64,190895
9939000,1,41,64,190914
9940000,1,46,64,190932
9941000,1,52,64,190949
9942000,1,57,64,190966
9943000,1,30,64,190988
9944000,1,35,64,191011
9945000,1,40,64,191032
9946000,1,46,64,191058
9947000,1,51,64,191078
9948000,1,57,64,191096
9949000,1,30,64,191112
9950000,1,35,64,191128
9951000,1,41,64,191144
9952000,1,46,64,191159
9953000,1,52,64,191174
9954000,1,57,64,191191
9955000,1,30,64,191207
9956000,1,35,64,191222
9957000,1,41,64,191237
9958000,1,46,64,191252
9959000,1,51,64,191268
9960000,1,57,64,191285
9961000,1,30,64,191302
9962000,1,35,64,191317
9963000,1,40,64,191333
9964000,1,46,64,191351
9965000,1,51,64,191366
9966000,1,57,64,191381
9967000,1,29,64,191399
9968000,1,35,64,191417
9969000,1,40,64,191435
9970000,1,46,64,191453
9971000,1,51,64,191468
9972000,1,56,64,191491
9973000,1,30,64,191510
9974000,1,35,64,191527
9975000,1,41,64,191543
9976000,1,46,64,191558
9977000,1,51,64,191576
9978000,1,57,64,191593
9979000,1,30,64,191611
9980000,1,35,64,191628
9981000,1,40,64,191643
9982000,1,46,64,191659
9983000,1,51,64,191675
9984000,1,56,64,191693
9985000,1,30,64,191710
9986000,1,35,64,191727
9987000,1,40,64,191744
9988000,1,46,64,191759
9989000,1,51,64,191774
9990000,1,57,64,191789
9991000,1,30,64,191805
9992000,1,35,64,191821
9993000,1,41,64,191837
9994000,1,46,64,191852
9995000,1,51,64,191869
9996000,1,57,64,191886
9997000,1,30,64,191903
9998000,1,35,64,191918
9999000,1,40,64,191933
10000000,1,46,64,191948
10001000,1,51,64,191963
10002000,1,56,64,191979
10003000,1,30,64,191995
10004000,1,35,64,192014
10005000,1,40,64,192031
10006000,1,46,64,192052
10007000,1,51,64,192074
10008000,1,57,64,192104
10009000,1,30,64,192121
10010000,1,35,64,192136
10011000,1,41,64,192151
10012000,1,46,64,192166
10013000,1,52,64,192181
10014000,1,57,64,192199
10015000,1,30,64,192226
10016000,1,35,64,192251
10017000,1,40,64,192274
10018000,1,46,64,192298
10019000,1,51,64,192316
10020000,1,57,64,192336
10021000,1,30,64,192356
10022000,1,35,64,192376
10023000,1,40,64,192396
10024000,1,46,64,192415
10025000,1,51,64,192435
10026000,1,57,64,192455
10027000,1,30,64,192478
10028000,1,35,64,192499
10029000,1,41,64,192517
10030000,1,46,64,192534
10031000,1,52,64,192551
10032000,1,57,64,192570
10033000,1,29,64,192589
10034000,1,35,64,192606
10035000,1,40,64,192623
10036000,1,46,64,192640
10037000,1,51,64,192658
10038000,1,56,64,192674
10039000,1,30,64,192697
10040000,1,35,64,192716
10041000,1,41,64,192734
10042000,1,46,64,192752
10043000,1,51,64,192774
10044000,1,57,64,192789
10045000,1,29,64,192807
10046000,1,35,64,192827
10047000,1,40,64,192843
10048000,1,46,64,192859
10049000,1,51,64,192876
10050000,1,56,64,192892
10051000,1,30,64,192908
10052000,1,35,64,192924
10053000,1,41,64,192943
10054000,1,46,64,192966
10055000,1,51,64,192990
10056000,1,57,64,193009
10057000,1,30,64,193024
10058000,1,36,64,193039
10059000,1,40,64,193058
10060000,1,46,64,193074
10061000,1,51,64,193088
10062000,1,57,64,193103
10063000,1,30,64,193130
10064000,1,35,64,193151
10065000,1,41,64,193176
10066000,1,46,64,193201
10067000,1,51,64,193216
10068000,1,57,64,193233
10069000,1,30,64,193249
10070000,1,36,64,193264
10071000,1,41,64,193282
10072000,1,46,64,193306
10073000,1,51,64,193330
10074000,1,57,64,193349
10075000,1,30,64,193366
10076000,1,35,64,193382
10077000,1,41,64,193397
10078000,1,46,64,193417
10079000,1,51,64,193438
10080000,1,57,64,193456
10081000,1,30,64,193474
10082000,1,35,64,193493
10083000,1,40,64,193509
10084000,1,46,64,193524
10085000,1,51,64,193541
10086000,1,56,64,193561
10087000,1,30,64,193581
10088000,1,35,64,193606
10089000,1,41,64,193638
10090000,1,46,64,193657
10091000,1,51,64,193682
10092000,1,57,64,193700
10093000,1,30,64,193716
10094000,1,35,64,193732
10095000,1,41,64,193748
10096000,1,46,64,193764
10097000,1,51,64,193779
10098000,1,57,64,193794
10099000,1,29,64,193810
10100000,1,35,64,193826
10101000,1,40,64,193843
10102000,1,45,64,193860
10103000,1,51,64,193877
10104000,1,56,64,193892
10105000,1,30,64,193909
10106000,1,35,64,193924
10107000,1,40,64,193939
10108000,1,46,64,193960
10109000,1,51,64,193976
10110000,1,56,64,193992
10111000,1,30,64,194007
10112000,1,35,64,194024
10113000,1,40,64,194040
10114000,1,46,64,194056
10115000,1,51,64,194071
10116000,1,57,64,194085
10117000,1,29,64,194106
10118000,1,35,64,194123
10119000,1,40,64,194139
10120000,1,45,64,194157
10121000,1,51,64,194175
10122000,1,56,64,194193
10123000,1,30,64,194212
10124000,1,35,64,194230
10125000,1,40,64,194250
10126000,1,46,64,194271
10127000,1,51,64,194289
10128000,1,57,64,194305
10129000,1,30,64,194320
10130000,1,35,64,194336
10131000,1,41,64,194352
10132000,1,46,64,194369
10133000,1,51,64,194389
10134000,1,57,64,194408
10135000,1,30,64,194424
10136000,1,35,64,194446
10137000,1,40,64,194465
10138000,1,46,64,194483
10139000,1,51,64,194503
10140000,1,57,64,194521
10141000,1,30,64,194538
10142000,1,35,64,194555
10143000,1,40,64,194572
10144000,1,46,64,194588
10145000,1,51,64,194605
10146000,1,56,64,194627
10147000,1,30,64,194644
10148000,1,35,64,194666
10149000,1,41,64,194689
10150000,1,46,64,194707
10151000,1,52,64,194726
10152000,1,57,64,194744
10153000,1,29,64,194761
10154000,1,35,64,194783
10155000,1,40,64,194806
10156000,1,46,64,194823
10157000,1,51,64,194839
10158000,1,56,64,194859
10159000,1,30,64,194878
10160000,1,35,64,194896
10161000,1,41,64,194912
10162000,1,46,64,194927
10163000,1,52,64,194944
10164000,1,57,64,194961
10165000,1,30,64,194976
10166000,1,35,64,194994
10167000,1,41,64,195010
10168000,1,46,64,195025
10169000,1,51,64,195040
10170000,1,57,64,195058
10171000,1,30,64,195078
10172000,1,35,64,195093
10173000,1,41,64,195109
10174000,1,46,64,195125
10175000,1,51,64,195143
10176000,1,57,64,195165
10177000,1,30,64,195186
10178000,1,35,64,195210
10179000,1,41,64,195235
10180000,1,46,64,195257
10181000,1,51,64,195275
10182000,1,57,64,195290
10183000,1,30,64,195306
10184000,1,35,64,195322
10185000,1,41,64,195342
10186000,1,46,64,195357
10187000,1,51,64,195376
10188000,1,57,64,195395
10189000,1,30,64,195412
10190000,1,35,64,195428
10191000,1,41,64,195445
10192000,1,46,64,195461
10193000,1,51,64,195478
10194000,1,57,64,195497
10195000,1,30,64,195514
10196000,1,35,64,195530
10197000,1,41,64,195546
10198000,1,46,64,195562
10199000,1,51,64,195578
10200000,1,57,64,195593
10201000,1,30,64,195612
10202000,1,35,64,195630
10203000,1,40,64,195646
10204000,1,46,64,195663
10205000,1,51,64,195679
10206000,1,56,64,195696
10207000,1,30,64,195713
10208000,1,35,64,195728
10209000,1,41,64,195746
10210000,1,46,64,195767
10211000,1,51,64,195782
10212000,1,57,64,195804
10213000,1,30,64,195823
10214000,1,35,64,195837
10215000,1,40,64,195857
10216000,1,46,64,195876
10217000,1,51,64,195892
10218000,1,56,64,195908
10219000,1,29,64,195924
10220000,1,35,64,195940
10221000,1,40,64,195958
10222000,1,45,64,195973
10223000,1,51,64,195987
10224000,1,56,64,196006
10225000,1,29,64,196022
10226000,1,35,64,196037
10227000,1,40,64,196052
10228000,1,46,64,196068
10229000,1,51,64,196085
10230000,1,56,64,196100
10231000,1,30,64,196116
10232000,1,35,64,196131
10233000,1,40,64,196146
10234000,1,46,64,196169
10235000,1,51,64,196193
10236000,1,56,64,196219
10237000,1,29,64,196237
10238000,1,35,64,196253
10239000,1,40,64,196268
10240000,1,45,64,196289
10241000,1,51,64,196309
10242000,1,56,64,196324
10243000,1,30,64,196344
10244000,1,35,64,196363
10245000,1,40,64,196380
10246000,1,46,64,196399
10247000,1,51,64,196414
10248000,1,57,64,196438
10249000,1,30,64,196455
10250000,1,35,64,196472
10251000,1,41,64,196495
10252000,1,46,64,196513
10253000,1,51,64,196530
10254000,1,57,64,196548
10255000,1,30,64,196569
10256000,1,35,64,196656
10257000,1,40,64,196691
10258000,1,46,64,196713
10259000,1,51,64,196740
10260000,1,57,64,196758
10261000,1,30,64,196778
10262000,1,35,64,196796
10263000,1,40,64,196824
10264000,1,46,64,196916
10265000,1,51,64,196937
10266000,1,57,64,196957
10267000,1,30,64,196978
10268000,1,35,64,197005
10269000,1,41,64,197031
10270000,1,46,64,197057
10271000,1,52,64,197076
10272000,1,57,64,197100
10273000,1,29,64,197127
10274000,1,35,64,197155
10275000,1,40,64,197181
10276000,1,46,64,197199
10277000,1,51,64,197225
10278000,1,56,64,197244
10279000,1,30,64,197263
10280000,1,35,64,197282
10281000,1,41,64,197305
10282000,1,46,64,197329
10283000,1,51,64,197354
10284000,1,57,64,197373
10285000,1,30,64,197389
10286000,1,35,64,197405
10287000,1,41,64,197424
10288000,1,46,64,197447
10289000,1,51,64,197464
10290000,1,57,64,197486
10291000,1,30,64,197509
10292000,1,35,64,197525
10293000,1,41,64,197541
10294000,1,46,64,197557
10295000,1,51,64,197572
10296000,1,57,64,197587
10297000,1,30,64,197603
10298000,1,35,64,197618
10299000,1,40,64,197633
10300000,1,46,64,197648
10301000,1,51,64,197662
10302000,1,57,64,197679
10303000,1,30,64,197697
10304000,1,35,64,197718
10305000,1,41,64,197736
10306000,1,46,64,197753
10307000,1,51,64,197768
10308000,1,57,64,197785
10309000,1,30,64,197805
10310000,1,35,64,197826
10311000,1,41,64,197842
10312000,1,46,64,197858
10313000,1,51,64,197874
10314000,1,57,64,197894
10315000,1,30,64,197910
10316000,1,35,64,197925
10317000,1,41,64,197943
10318000,1,46,64,197975
10319000,1,51,64,197999
10320000,1,57,64,198016
10321000,1,29,64,198034
10322000,1,35,64,198057
10323000,1,40,64,198077
10324000,1,46,64,198101
10325000,1,51,64,198118
10326000,1,57,64,198134
10327000,1,29,64,198163
10328000,1,35,64,198180
10329000,1,40,64,198205
10330000,1,46,64,198230
10331000,1,51,64,198247
10332000,1,56,64,198263
10333000,1,30,64,198281
10334000,1,35,64,198305
10335000,1,40,64,198326
10336000,1,46,64,198350
10337000,1,51,64,198370
10338000,1,56,64,198390
10339000,1,30,64,198410
10340000,1,35,64,198426
10341000,1,40,64,198448
10342000,1,46,64,198467
10343000,1,51,64,198493
10344000,1,57,64,198513
10345000,1,30,64,198533
10346000,1,35,64,198555
10347000,1,41,64,198573
10348000,1,46,64,198592
10349000,1,51,64,198608
10350000,1,57,64,198666
10351000,1,30,64,198687
10352000,1,35,64,198709
10353000,1,40,64,198725
10354000,1,46,64,198741
10355000,1,51,64,198757
10356000,1,56,64,198773
10357000,1,30,64,198790
10358000,1,35,64,198806
10359000,1,41,64,198825
10360000,1,46,64,198846
10361000,1,51,64,198864
10362000,1,57,64,198882
10363000,1,30,64,198899
10364000,1,35,64,198915
10365000,1,40,64,198932
10366000,1,46,64,198948
10367000,1,51,64,198969
10368000,1,56,64,198988
10369000,1,30,64,199007
10370000,1,35,64,199026
10371000,1,41,64,199041
10372000,1,46,64,199057
10373000,1,51,64,199078
10374000,1,57,64,199099
10375000,1,30,64,199117
10376000,1,35,64,199133
10377000,1,40,64,199155
10378000,1,46,64,199180
10379000,1,51,64,199203
10380000,1,57,64,199220
10381000,1,30,64,199238
10382000,1,35,64,199259
10383000,1,40,64,199276
10384000,1,46,64,199305
10385000,1,51,64,199331
10386000,1,57,64,199358
10387000,1,30,64,199379
10388000,1,35,64,199398
10389000,1,41,64,199419
10390000,1,46,64,199445
10391000,1,52,64,199466
10392000,1,57,64,199488
10393000,1,29,64,199512
10394000,1,35,64,199530
10395000,1,40,64,199546
10396000,1,46,64,199563
10397000,1,51,64,199587
10398000,1,56,64,199607
10399000,1,30,64,199627
10400000,1,35,64,199645
10401000,1,41,64,199661
10402000,1,46,64,199681
10403000,1,51,64,199696
10404000,1,57,64,199711
10405000,1,30,64,199728
10406000,1,35,64,199743
10407000,1,41,64,199759
10408000,1,46,64,199775
10409000,1,52,64,199791
10410000,1,57,64,199805
10411000,1,30,64,199822
10412000,1,35,64,199836
10413000,1,41,64,199860
10414000,1,46,64,199884
10415000,1,51,64,199905
10416000,1,57,64,199926
10417000,1,30,64,199943
10418000,1,35,64,199959
10419000,1,41,64,199976
10420000,1,46,64,199992
10421000,1,51,64,200015
10422000,1,57,64,200037
10423000,1,30,64,200055
10424000,1,35,64,200070
10425000,1,41,64,200085
10426000,1,46,64,200108
10427000,1,52,64,200130
10428000,1,57,64,200155
10429000,1,30,64,200181
10430000,1,35,64,200199
10431000,1,41,64,200218
10432000,1,46,64,200242
10433000,1,51,64,200268
10434000,1,57,64,200292
10435000,1,30,64,200320
10436000,1,35,64,200337
10437000,1,40,64,200354
10438000,1,46,64,200374
10439000,1,51,64,200392
10440000,1,57,64,200409
10441000,1,29,64,200430
10442000,1,35,64,200451
10443000,1,40,64,200473
10444000,1,46,64,200495
10445000,1,51,64,200515
10446000,1,56,64,200533
10447000,1,30,64,200553
10448000,1,35,64,200569
10449000,1,41,64,200587
10450000,1,46,64,200606
10451000,1,51,64,200623
10452000,1,57,64,200642
10453000,1,30,64,200661
10454000,1,35,64,200679
10455000,1,40,64,200695
10456000,1,46,64,200712
10457000,1,51,64,200729
10458000,1,56,64,200746
10459000,1,30,64,200765
10460000,1,35,64,200781
10461000,1,40,64,200797
10462000,1,46,64,200814
10463000,1,51,64,200831
10464000,1,57,64,200848
10465000,1,30,64,200865
10466000,1,35,64,200881
10467000,1,41,64,200898
10468000,1,46,64,200917
10469000,1,51,64,200936
10470000,1,57,64,200959
10471000,1,30,64,200989
10472000,1,35,64,201017
10473000,1,40,64,201033
10474000,1,46,64,201050
10475000,1,51,64,201066
10476000,1,56,64,201084
10477000,1,30,64,201106
10478000,1,35,64,201126
10479000,1,40,64,201149
10480000,1,46,64,201169
10481000,1,51,64,201188
10482000,1,57,64,201207
10483000,1,30,64,201228
10484000,1,35,64,201251
10485000,1,40,64,201271
10486000,1,46,64,201287
10487000,1,51,64,201306
10488000,1,56,64,201333
10489000,1,30,64,201350
10490000,1,35,64,201367
10491000,1,41,64,201385
10492000,1,46,64,201405
10493000,1,51,64,201422
10494000,1,57,64,201441
10495000,1,30,64,201463
10496000,1,35,64,201484
10497000,1,40,64,201507
10498000,1,46,64,201526
10499000,1,51,64,201545
10500000,1,57,64,201564
10501000,1,30,64,201583
10502000,1,35,64,201602
10503000,1,40,64,201619
10504000,1,46,64,201636
10505000,1,51,64,201657
10506000,1,57,64,201675
10507000,1,30,64,201697
10508000,1,35,64,201719
10509000,1,41,64,201737
10510000,1,46,64,201758
10511000,1,52,64,201780
10512000,1,57,64,201805
10513000,1,29,64,201829
10514000,1,35,64,201846
10515000,1,40,64,201866
10516000,1,46,64,201883
10517000,1,51,64,201908
10518000,1,57,64,201926
10519000,1,30,64,201944
10520000,1,35,64,201961
10521000,1,41,64,201976
10522000,1,46,64,201991
10523000,1,52,64,202009
10524000,1,57,64,202028
10525000,1,29,64,202048
10526000,1,35,64,202074
10527000,1,40,64,202096
10528000,1,46,64,202114
10529000,1,51,64,202137
10530000,1,56,64,202160
10531000,1,30,64,202186
10532000,1,35,64,202212
10533000,1,41,64,202228
10534000,1,46,64,202243
10535000,1,52,64,202259
10536000,1,57,64,202282
10537000,1,29,64,202298
10538000,1,35,64,202350
10539000,1,40,64,202375
10540000,1,46,64,202394
10541000,1,51,64,202417
10542000,1,56,64,202444
10543000,1,30,64,202463
10544000,1,35,64,202482
10545000,1,41,64,202504
10546000,1,46,64,202521
10547000,1,52,64,202537
10548000,1,57,64,202553
10549000,1,30,64,202571
10550000,1,35,64,202587
10551000,1,41,64,202602
10552000,1,46,64,202618
10553000,1,51,64,202634
10554000,1,57,64,202655
10555000,1,30,64,202673
10556000,1,35,64,202688
10557000,1,40,64,202703
10558000,1,46,64,202721
10559000,1,51,64,202738
10560000,1,57,64,202754
10561000,1,30,64,202774
10562000,1,35,64,202796
10563000,1,41,64,202814
10564000,1,46,64,202830
10565000,1,52,64,202852
10566000,1,57,64,202872
10567000,1,29,64,202895
10568000,1,35,64,202915
10569000,1,40,64,202932
10570000,1,45,64,202946
10571000,1,51,64,202962
10572000,1,56,64,202977
10573000,1,29,64,202993
10574000,1,35,64,203008
10575000,1,40,64,203035
10576000,1,46,64,203059
10577000,1,51,64,203079
10578000,1,56,64,203097
10579000,1,30,64,203116
10580000,1,35,64,203136
10581000,1,40,64,203151
10582000,1,46,64,203168
10583000,1,51,64,203188
10584000,1,56,64,203204
10585000,1,30,64,203220
10586000,1,35,64,203235
10587000,1,41,64,203253
10588000,1,46,64,203276
10589000,1,51,64,203297
10590000,1,57,64,203317
10591000,1,29,64,203333
10592000,1,35,64,203348
10593000,1,40,64,203365
10594000,1,46,64,203383
10595000,1,51,64,203400
10596000,1,56,64,203419
10597000,1,30,64,203441
10598000,1,35,64,203458
10599000,1,41,64,203473
10600000,1,46,64,203494
10601000,1,51,64,203513
10602000,1,57,64,203531
10603000,1,30,64,203549
10604000,1,35,64,203567
10605000,1,40,64,203584
10606000,1,46,64,203602
10607000,1,51,64,203619
10608000,1,56,64,203637
10609000,1,30,64,203655
10610000,1,35,64,203672
10611000,1,41,64,203691
10612000,1,46,64,203712
10613000,1,51,64,203739
10614000,1,57,64,203782
10615000,1,30,64,203804
10616000,1,36,64,203832
10617000,1,41,64,203851
10618000,1,46,64,203876
10619000,1,52,64,203902
10620000,1,57,64,203923
10621000,1,30,64,203948
10622000,1,35,64,203973
10623000,1,40,64,203995
10624000,1,46,64,204025
10625000,1,51,64,204047
10626000,1,57,64,204066
10627000,1,30,64,204088
10628000,1,35,64,204115
10629000,1,41,64,204135
10630000,1,46,64,204154
10631000,1,52,64,204173
10632000,1,57,64,204191
10633000,1,30,64,204208
10634000,1,35,64,204225
10635000,1,40,64,204244
10636000,1,46,64,204267
10637000,1,51,64,204287
10638000,1,57,64,204303
10639000,1,30,64,204324
10640000,1,35,64,204350
10641000,1,41,64,204379
10642000,1,46,64,204398
10643000,1,52,64,204416
10644000,1,57,64,204435
10645000,1,29,64,204456
10646000,1,35,64,204475
10647000,1,40,64,204500
10648000,1,46,64,204519
10649000,1,51,64,204535
10650000,1,56,64,204550
10651000,1,30,64,204567
10652000,1,35,64,204582
10653000,1,41,64,204598
10654000,1,46,64,204614
10655000,1,52,64,204629
10656000,1,57,64,204645
10657000,1,29,64,204666
10658000,1,35,64,204684
10659000,1,40,64,204700
10660000,1,46,64,204720
10661000,1,51,64,204735
10662000,1,57,64,204750
10663000,1,30,64,204767
10664000,1,35,64,204790
10665000,1,41,64,204809
10666000,1,46,64,204832
10667000,1,52,64,204857
10668000,1,57,64,204876
10669000,1,29,64,204893
10670000,1,35,64,204909
10671000,1,40,64,204928
10672000,1,46,64,204947
10673000,1,51,64,204973
10674000,1,56,64,204992
10675000,1,30,64,205012
10676000,1,35,64,205033
10677000,1,40,64,205057
10678000,1,46,64,205073
10679000,1,51,64,205096
10680000,1,57,64,205114
10681000,1,30,64,205131
10682000,1,35,64,205147
10683000,1,41,64,205166
10684000,1,46,64,205188
10685000,1,52,64,205207
10686000,1,57,64,205232
10687000,1,29,64,205258
10688000,1,35,64,205281
10689000,1,40,64,205304
10690000,1,45,64,205324
10691000,1,51,64,205345
10692000,1,56,64,205364
10693000,1,29,64,205392
10694000,1,35,64,205409
10695000,1,40,64,205428
10696000,1,46,64,205447
10697000,1,51,64,205466
10698000,1,56,64,205489
10699000,1,30,64,205510
10700000,1,35,64,205531
10701000,1,40,64,205549
10702000,1,46,64,205568
10703000,1,51,64,205585
10704000,1,56,64,205603
10705000,1,30,64,205621
10706000,1,35,64,205639
10707000,1,40,64,205658
10708000,1,46,64,205675
10709000,1,51,64,205695
10710000,1,57,64,205715
10711000,1,29,64,205733
10712000,1,35,64,205754
10713000,1,40,64,205775
10714000,1,46,64,205793
10715000,1,51,64,205818
10716000,1,56,64,205834
10717000,1,30,64,205852
10718000,1,35,64,205868
10719000,1,40,64,205887
10720000,1,46,64,205912
10721000,1,51,64,205930
10722000,1,57,64,205951
10723000,1,29,64,205967
10724000,1,35,64,205985
10725000,1,40,64,206003
10726000,1,46,64,206024
10727000,1,51,64,206043
10728000,1,56,64,206064
10729000,1,30,64,206082
10730000,1,35,64,206098
10731000,1,41,64,206118
10732000,1,46,64,206143
10733000,1,51,64,206168
10734000,1,57,64,206192
10735000,1,30,64,206211
10736000,1,36,64,206235
10737000,1,41,64,206253
10738000,1,46,64,206271
10739000,1,52,64,206292
10740000,1,57,64,206314
10741000,1,30,64,206334
10742000,1,35,64,206351
10743000,1,40,64,206374
10744000,1,46,64,206393
10745000,1,51,64,206415
10746000,1,57,64,206441
10747000,1,30,64,206464
10748000,1,35,64,206484
10749000,1,41,64,206506
10750000,1,46,64,206525
10751000,1,52,64,206544
10752000,1,57,64,206561
10753000,1,30,64,206581
10754000,1,35,64,206602
10755000,1,40,64,206619
10756000,1,46,64,206636
10757000,1,51,64,206652
10758000,1,56,64,206669
10759000,1,30,64,206685
10760000,1,35,64,206701
10761000,1,41,64,206724
10762000,1,46,64,206741
10763000,1,52,64,206757
10764000,1,57,64,206773
10765000,1,29,64,206791
10766000,1,35,64,206806
10767000,1,40,64,206822
10768000,1,46,64,206837
10769000,1,51,64,206852
10770000,1,56,64,206867
10771000,1,30,64,206889
10772000,1,35,64,206904
10773000,1,41,64,206919
10774000,1,46,64,206934
10775000,1,52,64,206950
10776000,1,57,64,206965
10777000,1,30,64,206980
10778000,1,35,64,206995
10779000,1,41,64,207010
10780000,1,46,64,207025
10781000,1,52,64,207039
10782000,1,57,64,207056
10783000,1,30,64,207073
10784000,1,35,64,207091
10785000,1,41,64,207106
10786000,1,46,64,207122
10787000,1,52,64,207139
10788000,1,57,64,207159
10789000,1,29,64,207175
10790000,1,35,64,207191
10791000,1,40,64,207207
10792000,1,45,64,207222
10793000,1,51,64,207238
10794000,1,56,64,207256
10795000,1,30,64,207276
10796000,1,35,64,207290
10797000,1,40,64,207306
10798000,1,46,64,207324
10799000,1,51,64,207340
10800000,1,57,64,207356
10801000,1,30,64,207374
10802000,1,35,64,207396
10803000,1,41,64,207418
10804000,1,46,64,207452
10805000,1,51,64,207476
10806000,1,57,64,207505
10807000,1,30,64,207571
10808000,1,35,64,207592
10809000,1,40,64,207612
10810000,1,46,64,207635
10811000,1,51,64,207657
10812000,1,56,64,207747
10813000,1,30,64,207768
10814000,1,35,64,207791
10815000,1,40,64,207815
10816000,1,46,64,207839
10817000,1,51,64,207857
10818000,1,57,64,207879
10819000,1,29,64,207902
10820000,1,35,64,207927
10821000,1,40,64,207948
10822000,1,46,64,207969
10823000,1,51,64,207988
10824000,1,56,64,208007
10825000,1,30,64,208029
10826000,1,35,64,208080
10827000,1,40,64,208096
10828000,1,46,64,208113
10829000,1,51,64,208131
10830000,1,56,64,208148
10831000,1,30,64,208174
10832000,1,35,64,208192
10833000,1,41,64,208213
10834000,1,46,64,208230
10835000,1,51,64,208247
10836000,1,57,64,208263
10837000,1,30,64,208281
10838000,1,35,64,208298
10839000,1,40,64,208315
10840000,1,46,64,208332
10841000,1,51,64,208348
10842000,1,56,64,208367
10843000,1,30,64,208389
10844000,1,35,64,208406
10845000,1,41,64,208424
10846000,1,46,64,208472
10847000,1,51,64,208516
10848000,1,57,64,208546
10849000,1,30,64,208567
10850000,1,35,64,208585
10851000,1,41,64,208603
10852000,1,46,64,208620
10853000,1,51,64,208641
10854000,1,57,64,208665
10855000,1,30,64,208694
10856000,1,36,64,208714
10857000,1,41,64,208736
10858000,1,46,64,208761
10859000,1,52,64,208791
10860000,1,57,64,208812
10861000,1,30,64,208836
10862000,1,35,64,208859
10863000,1,40,64,208879
10864000,1,46,64,208916
10865000,1,51,64,208942
10866000,1,57,64,208974
10867000,1,30,64,209014
10868000,1,35,64,209037
10869000,1,41,64,209059
10870000,1,46,64,209080
10871000,1,52,64,209108
10872000,1,57,64,209129
10873000,1,29,64,209149
10874000,1,35,64,209167
10875000,1,40,64,209185
10876000,1,46,64,209204
10877000,1,51,64,209221
10878000,1,56,64,209239
10879000,1,30,64,209261
10880000,1,35,64,209279
10881000,1,41,64,209300
10882000,1,46,64,209316
10883000,1,52,64,209333
10884000,1,57,64,209352
10885000,1,29,64,209369
10886000,1,35,64,209385
10887000,1,40,64,209405
10888000,1,46,64,209425
10889000,1,51,64,209444
10890000,1,56,64,209466
10891000,1,30,64,209493
10892000,1,35,64,209512
10893000,1,41,64,209532
10894000,1,46,64,209549
10895000,1,52,64,209566
10896000,1,57,64,209585
10897000,1,29,64,209603
10898000,1,35,64,209619
10899000,1,40,64,209634
10900000,1,46,64,209653
10901000,1,51,64,209668
10902000,1,57,64,209688
10903000,1,30,64,209711
10904000,1,35,64,209733
10905000,1,41,64,209749
10906000,1,46,64,209764
10907000,1,52,64,209781
10908000,1,57,64,209801
10909000,1,30,64,209818
10910000,1,35,64,209836
10911000,1,41,64,209852
10912000,1,46,64,209869
10913000,1,51,64,209887
10914000,1,57,64,209904
10915000,1,30,64,209922
10916000,1,35,64,209938
10917000,1,40,64,209955
10918000,1,46,64,209973
10919000,1,51,64,210000
10920000,1,57,64,210023
10921000,1,30,64,210040
10922000,1,35,64,210054
10923000,1,41,64,210069
10924000,1,46,64,210088
10925000,1,51,64,210107
10926000,1,57,64,210128
10927000,1,30,64,210152
10928000,1,35,64,210172
10929000,1,40,64,210190
10930000,1,46,64,210207
10931000,1,51,64,210223
10932000,1,56,64,210243
10933000,1,30,64,210262
10934000,1,35,64,210282
10935000,1,40,64,210304
10936000,1,46,64,210323
10937000,1,51,64,210341
10938000,1,57,64,210361
10939000,1,29,64,210381
10940000,1,35,64,210397
10941000,1,40,64,210413
10942000,1,46,64,210428
10943000,1,51,64,210446
10944000,1,56,64,210462
10945000,1,30,64,210482
10946000,1,35,64,210505
10947000,1,40,64,210525
10948000,1,46,64,210546
10949000,1,51,64,210564
10950000,1,56,64,210580
10951000,1,30,64,210597
10952000,1,35,64,210613
10953000,1,41,64,210629
10954000,1,46,64,210644
10955000,1,51,64,210660
10956000,1,57,64,210681
10957000,1,30,64,210699
10958000,1,35,64,210716
10959000,1,40,64,210734
10960000,1,46,64,210751
10961000,1,51,64,210767
10962000,1,56,64,210790
10963000,1,30,64,210808
10964000,1,35,64,210826
10965000,1,41,64,210847
10966000,1,46,64,210866
10967000,1,51,64,210884
10968000,1,57,64,210901
10969000,1,30,64,210925
10970000,1,35,64,210944
10971000,1,41,64,210960
10972000,1,46,64,210979
10973000,1,51,64,211000
10974000,1,57,64,211022
10975000,1,30,64,211045
10976000,1,35,64,211068
10977000,1,41,64,211086
10978000,1,46,64,211104
10979000,1,51,64,211128
10980000,1,57,64,211146
10981000,1,30,64,211164
10982000,1,35,64,211190
10983000,1,40,64,211212
10984000,1,46,64,211236
10985000,1,51,64,211257
10986000,1,57,64,211277
10987000,1,30,64,211298
10988000,1,35,64,211314
10989000,1,41,64,211329
10990000,1,46,64,211346
10991000,1,52,64,211366
10992000,1,57,64,211388
10993000,1,29,64,211404
10994000,1,35,64,211424
10995000,1,40,64,211442
10996000,1,46,64,211459
10997000,1,51,64,211478
10998000,1,57,64,211499
10999000,1,30,64,211517
11000000,1,35,64,211534
11001000,1,41,64,211551
11002000,1,46,64,211567
11003000,1,52,64,211584
11004000,1,57,64,211599
11005000,1,29,64,211615
11006000,1,35,64,211630
11007000,1,40,64,211646
11008000,1,46,64,211662
11009000,1,51,64,211677
11010000,1,57,64,211691
11011000,1,30,64,211713
11012000,1,35,64,211734
11013000,1,41,64,211758
11014000,1,46,64,211774
11015000,1,52,64,211789
11016000,1,57,64,211804
11017000,1,30,64,211823
11018000,1,35,64,211841
11019000,1,40,64,211856
11020000,1,46,64,211874
11021000,1,51,64,211893
11022000,1,57,64,211917
11023000,1,30,64,211934
11024000,1,35,64,211949
11025000,1,41,64,211969
11026000,1,46,64,211986
11027000,1,52,64,212002
11028000,1,57,64,212019
11029000,1,30,64,212035
11030000,1,35,64,212052
11031000,1,40,64,212078
11032000,1,46,64,212097
11033000,1,51,64,212115
11034000,1,57,64,212142
11035000,1,30,64,212162
11036000,1,35,64,212180
11037000,1,40,64,212197
11038000,1,46,64,212217
11039000,1,51,64,212243
11040000,1,57,64,212267
11041000,1,30,64,212290
11042000,1,35,64,212310
11043000,1,41,64,212331
11044000,1,46,64,212348
11045000,1,51,64,212364
11046000,1,57,64,212381
11047000,1,29,64,212403
11048000,1,35,64,212421
11049000,1,40,64,212457
11050000,1,46,64,212473
11051000,1,51,64,212497
11052000,1,56,64,212518
11053000,1,30,64,212540
11054000,1,35,64,212558
11055000,1,40,64,212577
11056000,1,46,64,212595
11057000,1,51,64,212616
11058000,1,56,64,212633
11059000,1,29,64,212654
11060000,1,35,64,212675
11061000,1,40,64,212692
11062000,1,45,64,212711
11063000,1,51,64,212729
11064000,1,56,64,212745
11065000,1,30,64,212763
11066000,1,35,64,212778
11067000,1,40,64,212797
11068000,1,46,64,212812
11069000,1,51,64,212829
11070000,1,56,64,212846
11071000,1,30,64,212863
11072000,1,35,64,212878
11073000,1,41,64,212898
11074000,1,46,64,212918
11075000,1,51,64,212934
11076000,1,57,64,212949
11077000,1,30,64,212971
11078000,1,35,64,212997
11079000,1,40,64,213022
11080000,1,46,64,213042
11081000,1,51,64,213059
11082000,1,56,64,213077
11083000,1,30,64,213095
11084000,1,35,64,213111
11085000,1,41,64,213130
11086000,1,46,64,213151
11087000,1,51,64,213170
11088000,1,57,64,213192
11089000,1,30,64,213211
11090000,1,35,64,213232
11091000,1,41,64,213252
11092000,1,46,64,213273
11093000,1,51,64,213291
11094000,1,57,64,213309
11095000,1,30,64,213328
11096000,1,35,64,213349
11097000,1,41,64,213370
11098000,1,46,64,213388
11099000,1,51,64,213406
11100000,1,57,64,213426
11101000,1,30,64,213450
11102000,1,35,64,213473
11103000,1,40,64,213495
11104000,1,46,64,213514
11105000,1,51,64,213530
11106000,1,57,64,213545
11107000,1,30,64,213563
11108000,1,36,64,213580
11109000,1,41,64,213597
11110000,1,46,64,213617
11111000,1,52,64,213637
11112000,1,57,64,213652
11113000,1,29,64,213668
11114000,1,35,64,213691
11115000,1,40,64,213711
11116000,1,46,64,213742
11117000,1,51,64,213760
11118000,1,57,64,213777
11119000,1,30,64,213794
11120000,1,35,64,213810
11121000,1,41,64,213825
11122000,1,46,64,213840
11123000,1,52,64,213854
11124000,1,57,64,213868
11125000,1,29,64,213883
11126000,1,35,64,213897
11127000,1,40,64,213916
11128000,1,46,64,213935
11129000,1,51,64,213951
11130000,1,57,64,213972
11131000,1,30,64,213990
11132000,1,35,64,214005
11133000,1,41,64,214020
11134000,1,46,64,214035
11135000,1,52,64,214051
11136000,1,57,64,214067
11137000,1,30,64,214083
11138000,1,35,64,214099
11139000,1,40,64,214115
11140000,1,46,64,214135
11141000,1,51,64,214156
11142000,1,57,64,214180
11143000,1,30,64,214199
11144000,1,35,64,214215
11145000,1,41,64,214230
11146000,1,46,64,214249
11147000,1,52,64,214266
11148000,1,57,64,214291
11149000,1,30,64,214317
11150000,1,35,64,214336
11151000,1,41,64,214352
11152000,1,46,64,214367
11153000,1,51,64,214382
11154000,1,57,64,214402
11155000,1,30,64,214419
11156000,1,35,64,214434
11157000,1,40,64,214450
11158000,1,46,64,214468
11159000,1,51,64,214488
11160000,1,56,64,214507
11161000,1,30,64,214526
11162000,1,35,64,214544
11163000,1,41,64,214560
11164000,1,46,64,214577
11165000,1,51,64,214594
11166000,1,57,64,214611
11167000,1,29,64,214629
11168000,1,35,64,214645
11169000,1,40,64,214661
11170000,1,46,64,214676
11171000,1,51,64,214692
11172000,1,56,64,214708
11173000,1,30,64,214724
11174000,1,35,64,214739
11175000,1,40,64,214754
11176000,1,46,64,214779
11177000,1,51,64,214800
11178000,1,56,64,214818
11179000,1,30,64,214842
11180000,1,35,64,214857
11181000,1,40,64,214871
11182000,1,46,64,214889
11183000,1,51,64,214905
11184000,1,57,64,214920
11185000,1,29,64,214946
11186000,1,35,64,214963
11187000,1,40,64,214980
11188000,1,46,64,215000
11189000,1,51,64,215019
11190000,1,56,64,215034
11191000,1,30,64,215051
11192000,1,35,64,215066
11193000,1,41,64,215089
11194000,1,46,64,215119
11195000,1,51,64,215137
11196000,1,57,64,215159
11197000,1,30,64,215177
11198000,1,35,64,215192
11199000,1,40,64,215208
11200000,1,46,64,215225
11201000,1,51,64,215245
11202000,1,57,64,215264
11203000,1,30,64,215285
11204000,1,35,64,215304
11205000,1,41,64,215325
11206000,1,46,64,215347
11207000,1,51,64,215364
11208000,1,57,64,215381
11209000,1,30,64,215407
11210000,1,35,64,215423
11211000,1,41,64,215444
11212000,1,46,64,215465
11213000,1,51,64,215485
11214000,1,57,64,215507
11215000,1,30,64,215526
11216000,1,36,64,215545
11217000,1,41,64,215561
11218000,1,46,64,215578
11219000,1,51,64,215595
11220000,1,57,64,215612
11221000,1,30,64,215630
11222000,1,35,64,215647
11223000,1,40,64,215669
11224000,1,46,64,215684
11225000,1,51,64,215699
11226000,1,57,64,215716
11227000,1,30,64,215734
11228000,1,35,64,215749
11229000,1,40,64,215764
11230000,1,46,64,215781
11231000,1,51,64,215801
11232000,1,57,64,215818
11233000,1,30,64,215835
11234000,1,35,64,215854
11235000,1,40,64,215874
11236000,1,46,64,215898
11237000,1,51,64,215922
11238000,1,57,64,215940
11239000,1,30,64,215956
11240000,1,35,64,215974
11241000,1,41,64,215992
11242000,1,46,64,216010
11243000,1,52,64,216033
11244000,1,57,64,216058
11245000,1,30,64,216076
11246000,1,35,64,216093
11247000,1,40,64,216110
11248000,1,46,64,216127
11249000,1,51,64,216143
11250000,1,57,64,216167
11251000,1,30,64,216193
11252000,1,36,64,216217
11253000,1,41,64,216237
11254000,1,46,64,216252
11255000,1,52,64,216267
11256000,1,57,64,216288
11257000,1,30,64,216313
11258000,1,35,64,216339
11259000,1,40,64,216359
11260000,1,46,64,216375
11261000,1,51,64,216390
11262000,1,57,64,216408
11263000,1,30,64,216424
11264000,1,35,64,216444
11265000,1,41,64,216464
11266000,1,46,64,216482
11267000,1,51,64,216504
11268000,1,57,64,216523
11269000,1,30,64,216541
11270000,1,35,64,216557
11271000,1,41,64,216574
11272000,1,46,64,216591
11273000,1,51,64,216608
11274000,1,57,64,216627
11275000,1,30,64,216644
11276000,1,35,64,216660
11277000,1,40,64,216678
11278000,1,46,64,216695
11279000,1,51,64,216710
11280000,1,56,64,216726
11281000,1,30,64,216742
11282000,1,35,64,216760
11283000,1,40,64,216776
11284000,1,46,64,216793
11285000,1,51,64,216808
11286000,1,57,64,216831
11287000,1,30,64,216847
11288000,1,35,64,216861
11289000,1,41,64,216876
11290000,1,46,64,216897
11291000,1,51,64,216925
11292000,1,57,64,216949
11293000,1,30,64,216974
11294000,1,35,64,216989
11295000,1,40,64,217005
11296000,1,46,64,217021
11297000,1,51,64,217038
11298000,1,56,64,217053
11299000,1,30,64,217072
11300000,1,35,64,217090
11301000,1,40,64,217105
11302000,1,46,64,217119
11303000,1,51,64,217136
11304000,1,57,64,217155
11305000,1,29,64,217175
11306000,1,35,64,217192
11307000,1,40,64,217207
11308000,1,46,64,217222
11309000,1,51,64,217238
11310000,1,56,64,217256
11311000,1,30,64,217280
11312000,1,35,64,217304
11313000,1,40,64,217324
11314000,1,46,64,217346
11315000,1,51,64,217363
11316000,1,56,64,217379
11317000,1,29,64,217401
11318000,1,35,64,217421
11319000,1,40,64,217446
11320000,1,46,64,217466
11321000,1,51,64,217484
11322000,1,56,64,217503
11323000,1,30,64,217523
11324000,1,35,64,217539
11325000,1,41,64,217556
11326000,1,46,64,217572
11327000,1,51,64,217592
11328000,1,57,64,217608
11329000,1,30,64,217625
11330000,1,35,64,217642
11331000,1,41,64,217661
11332000,1,46,64,217682
11333000,1,51,64,217701
11334000,1,57,64,217719
11335000,1,30,64,217741
11336000,1,35,64,217759
11337000,1,41,64,217777
11338000,1,46,64,217802
11339000,1,51,64,217826
11340000,1,57,64,217843
11341000,1,30,64,217861
11342000,1,35,64,217881
11343000,1,41,64,217895
11344000,1,46,64,217916
11345000,1,51,64,217932
11346000,1,57,64,217953
11347000,1,30,64,217970
11348000,1,36,64,217990
11349000,1,41,64,218015
11350000,1,46,64,218033
11351000,1,52,64,218049
11352000,1,57,64,218064
11353000,1,30,64,218080
11354000,1,35,64,218099
11355000,1,40,64,218123
11356000,1,46,64,218146
11357000,1,51,64,218165
11358000,1,57,64,218189
11359000,1,30,64,218214
11360000,1,35,64,218232
11361000,1,41,64,218256
11362000,1,46,64,218271
11363000,1,52,64,218290
11364000,1,57,64,218305
11365000,1,30,64,218322
11366000,1,35,64,218339
11367000,1,40,64,218358
11368000,1,46,64,218380
11369000,1,51,64,218397
11370000,1,57,64,218414
11371000,1,30,64,218430
11372000,1,36,64,218445
11373000,1,41,64,218462
11374000,1,46,64,218480
11375000,1,52,64,218506
11376000,1,57,64,218531
11377000,1,30,64,218561
11378000,1,35,64,218578
11379000,1,40,64,218595
11380000,1,46,64,218613
11381000,1,51,64,218631
11382000,1,56,64,218648
11383000,1,30,64,218664
11384000,1,35,64,218685
11385000,1,41,64,218702
11386000,1,46,64,218725
11387000,1,51,64,218743
11388000,1,57,64,218760
11389000,1,30,64,218779
11390000,1,35,64,218814
11391000,1,40,64,218834
11392000,1,46,64,218850
11393000,1,51,64,218866
11394000,1,57,64,218881
11395000,1,29,64,218899
11396000,1,35,64,218914
11397000,1,40,64,218930
11398000,1,46,64,218946
11399000,1,51,64,218964
11400000,1,56,64,218981
11401000,1,30,64,219000
11402000,1,35,64,219022
11403000,1,40,64,219039
11404000,1,46,64,219057
11405000,1,51,64,219073
11406000,1,56,64,219090
11407000,1,30,64,219107
11408000,1,35,64,219123
11409000,1,40,64,219141
11410000,1,46,64,219157
11411000,1,51,64,219172
11412000,1,57,64,219187
11413000,1,29,64,219204
11414000,1,35,64,219219
11415000,1,40,64,219236
11416000,1,46,64,219251
11417000,1,51,64,219266
11418000,1,56,64,219280
11419000,1,30,64,219297
11420000,1,35,64,219316
11421000,1,40,64,219342
11422000,1,46,64,219367
11423000,1,51,64,219389
11424000,1,56,64,219407
11425000,1,30,64,219424
11426000,1,35,64,219443
11427000,1,41,64,219462
11428000,1,46,64,219481
11429000,1,51,64,219504
11430000,1,57,64,219524
11431000,1,30,64,219550
11432000,1,35,64,219568
11433000,1,40,64,219586
11434000,1,46,64,219603
11435000,1,51,64,219620
11436000,1,56,64,219639
11437000,1,30,64,219656
11438000,1,35,64,219673
11439000,1,41,64,219689
11440000,1,46,64,219707
11441000,1,52,64,219723
11442000,1,57,64,219742
11443000,1,30,64,219761
11444000,1,35,64,219778
11445000,1,41,64,219800
11446000,1,46,64,219827
11447000,1,51,64,219845
11448000,1,57,64,219863
11449000,1,30,64,219886
11450000,1,35,64,219910
11451000,1,41,64,219929
11452000,1,46,64,219946
11453000,1,51,64,219968
11454000,1,57,64,219986
11455000,1,30,64,220013
11456000,1,35,64,220035
11457000,1,40,64,220052
11458000,1,46,64,220069
11459000,1,51,64,220091
11460000,1,57,64,220108
11461000,1,30,64,220126
11462000,1,35,64,220143
11463000,1,40,64,220163
11464000,1,46,64,220186
11465000,1,51,64,220209
11466000,1,57,64,220230
11467000,1,30,64,220247
11468000,1,36,64,220264
11469000,1,41,64,220280
11470000,1,46,64,220305
11471000,1,52,64,220328
11472000,1,57,64,220345
11473000,1,30,64,220363
11474000,1,35,64,220379
11475000,1,40,64,220394
11476000,1,46,64,220416
11477000,1,51,64,220437
11478000,1,57,64,220467
11479000,1,30,64,220510
11480000,1,35,64,220610
11481000,1,41,64,220661
11482000,1,46,64,220680
11483000,1,52,64,220710
11484000,1,57,64,220743
11485000,1,30,64,220767
11486000,1,35,64,220789
11487000,1,40,64,220807
11488000,1,46,64,220830
11489000,1,51,64,220846
11490000,1,57,64,220864
11491000,1,30,64,220880
11492000,1,35,64,220897
11493000,1,40,64,220937
11494000,1,46,64,220966
11495000,1,51,64,220990
11496000,1,57,64,221008
11497000,1,30,64,221026
11498000,1,35,64,221047
11499000,1,40,64,221066
11500000,1,46,64,221093
11501000,1,51,64,221110
11502000,1,56,64,221126
11503000,1,30,64,221146
11504000,1,35,64,221169
11505000,1,41,64,221192
11506000,1,46,64,221212
11507000,1,51,64,221229
11508000,1,57,64,221251
11509000,1,30,64,221278
11510000,1,35,64,221301
11511000,1,41,64,221318
11512000,1,46,64,221334
11513000,1,51,64,221350
11514000,1,57,64,221370
11515000,1,29,64,221387
11516000,1,35,64,221403
11517000,1,40,64,221425
11518000,1,45,64,221442
11519000,1,51,64,221459
11520000,1,56,64,221485
11521000,1,30,64,221520
11522000,1,35,64,221545
11523000,1,40,64,221565
11524000,1,46,64,221593
11525000,1,51,64,221615
11526000,1,56,64,221633
11527000,1,30,64,221657
11528000,1,35,64,221678
11529000,1,40,64,221700
11530000,1,46,64,221718
11531000,1,51,64,221736
11532000,1,57,64,221757
11533000,1,29,64,221776
11534000,1,35,64,221794
11535000,1,40,64,221811
11536000,1,46,64,221844
11537000,1,51,64,221863
11538000,1,56,64,221878
11539000,1,30,64,221896
11540000,1,35,64,221915
11541000,1,40,64,221935
11542000,1,46,64,221950
11543000,1,51,64,221966
11544000,1,57,64,221982
11545000,1,30,64,221999
11546000,1,35,64,222015
11547000,1,41,64,222030
11548000,1,46,64,222047
11549000,1,51,64,222069
11550000,1,57,64,222089
11551000,1,30,64,222135
11552000,1,35,64,222152
11553000,1,40,64,222168
11554000,1,46,64,222185
11555000,1,51,64,222210
11556000,1,57,64,222236
11557000,1,30,64,222261
11558000,1,35,64,222278
11559000,1,41,64,222295
11560000,1,46,64,222313
11561000,1,52,64,222332
11562000,1,57,64,222352
11563000,1,30,64,222390
11564000,1,35,64,222407
11565000,1,41,64,222424
11566000,1,46,64,222453
11567000,1,51,64,222484
11568000,1,57,64,222513
11569000,1,30,64,222536
11570000,1,35,64,222556
11571000,1,41,64,222575
11572000,1,46,64,222593
11573000,1,51,64,222612
11574000,1,57,64,222632
11575000,1,30,64,222651
11576000,1,35,64,222671
11577000,1,41,64,222691
11578000,1,46,64,222711
11579000,1,51,64,222727
11580000,1,57,64,222745
11581000,1,30,64,222766
11582000,1,35,64,222791
11583000,1,41,64,222810
11584000,1,46,64,222832
11585000,1,51,64,222851
11586000,1,57,64,222867
11587000,1,30,64,222884
11588000,1,36,64,222899
11589000,1,41,64,222916
11590000,1,47,64,222931
11591000,1,52,64,222946
11592000,1,57,64,222962
11593000,1,30,64,222978
11594000,1,35,64,222993
11595000,1,40,64,223009
11596000,1,46,64,223025
11597000,1,51,64,223042
11598000,1,57,64,223057
11599000,1,30,64,223072
11600000,1,36,64,223087
11601000,1,41,64,223103
11602000,1,46,64,223121
11603000,1,52,64,223136
11604000,1,57,64,223155
11605000,1,30,64,223174
11606000,1,35,64,223192
11607000,1,41,64,223215
11608000,1,46,64,223232
11609000,1,51,64,223255
11610000,1,57,64,223279
11611000,1,30,64,223303
11612000,1,35,64,223328
11613000,1,41,64,223347
11614000,1,46,64,223364
11615000,1,51,64,223380
11616000,1,57,64,223399
11617000,1,30,64,223417
11618000,1,35,64,223441
11619000,1,40,64,223465
11620000,1,46,64,223486
11621000,1,51,64,223504
11622000,1,56,64,223523
11623000,1,30,64,223542
11624000,1,35,64,223559
11625000,1,41,64,223577
11626000,1,46,64,223596
11627000,1,51,64,223612
11628000,1,57,64,223628
11629000,1,30,64,223651
11630000,1,35,64,223674
11631000,1,40,64,223699
11632000,1,46,64,223724
11633000,1,52,64,223741
11634000,1,56,64,223756
11635000,1,29,64,223771
11636000,1,35,64,223789
11637000,1,40,64,223807
11638000,1,45,64,223832
11639000,1,51,64,223848
11640000,1,56,64,223864
11641000,1,30,64,223890
11642000,1,35,64,223913
11643000,1,40,64,223934
11644000,1,46,64,223950
11645000,1,51,64,223970
11646000,1,56,64,223985
11647000,1,30,64,224004
11648000,1,35,64,224019
11649000,1,40,64,224038
11650000,1,46,64,224059
11651000,1,51,64,224074
11652000,1,57,64,224089
11653000,1,30,64,224109
11654000,1,35,64,224133
11655000,1,41,64,224157
11656000,1,46,64,224174
11657000,1,51,64,224193
11658000,1,57,64,224212
11659000,1,30,64,224230
11660000,1,35,64,224245
11661000,1,40,64,224261
11662000,1,46,64,224277
11663000,1,51,64,224293
11664000,1,56,64,224316
11665000,1,30,64,224334
11666000,1,35,64,224349
11667000,1,41,64,224366
11668000,1,46,64,224382
11669000,1,51,64,224401
11670000,1,57,64,224417
11671000,1,30,64,224435
11672000,1,35,64,224452
11673000,1,40,64,224471
11674000,1,46,64,224491
11675000,1,51,64,224511
11676000,1,57,64,224529
11677000,1,30,64,224545
11678000,1,35,64,224563
11679000,1,41,64,224580
11680000,1,46,64,224596
11681000,1,52,64,224614
11682000,1,57,64,224631
11683000,1,30,64,224649
11684000,1,35,64,224667
11685000,1,41,64,224684
11686000,1,46,64,224704
11687000,1,52,64,224722
11688000,1,57,64,224740
11689000,1,30,64,224757
11690000,1,35,64,224781
11691000,1,41,64,224799
11692000,1,46,64,224818
11693000,1,51,64,224835
11694000,1,57,64,224853
11695000,1,30,64,224873
11696000,1,35,64,224894
11697000,1,41,64,224913
11698000,1,46,64,224929
11699000,1,51,64,224946
11700000,1,57,64,224967
11701000,1,30,64,224990
11702000,1,35,64,225006
11703000,1,40,64,225020
11704000,1,46,64,225037
11705000,1,51,64,225055
11706000,1,57,64,225075
11707000,1,30,64,225099
11708000,1,36,64,225118
11709000,1,41,64,225133
11710000,1,46,64,225149
11711000,1,52,64,225164
11712000,1,57,64,225180
11713000,1,30,64,225200
11714000,1,35,64,225219
11715000,1,40,64,225242
11716000,1,46,64,225263
11717000,1,51,64,225279
11718000,1,57,64,225295
11719000,1,30,64,225311
11720000,1,36,64,225333
11721000,1,41,64,225348
11722000,1,46,64,225363
11723000,1,52,64,225378
11724000,1,57,64,225393
11725000,1,30,64,225412
11726000,1,35,64,225437
11727000,1,41,64,225461
11728000,1,46,64,225480
11729000,1,51,64,225499
11730000,1,57,64,225516
11731000,1,30,64,225533
11732000,1,35,64,225548
11733000,1,41,64,225563
11734000,1,46,64,225578
11735000,1,51,64,225596
11736000,1,57,64,225613
11737000,1,30,64,225628
11738000,1,35,64,225642
11739000,1,40,64,225658
11740000,1,46,64,225674
11741000,1,51,64,225690
11742000,1,56,64,225706
11743000,1,30,64,225722
11744000,1,35,64,225743
11745000,1,41,64,225759
11746000,1,46,64,225777
11747000,1,51,64,225791
11748000,1,57,64,225810
11749000,1,30,64,225831
11750000,1,35,64,225845
11751000,1,40,64,225859
11752000,1,46,64,225874
11753000,1,51,64,225893
11754000,1,56,64,225908
11755000,1,30,64,225923
11756000,1,35,64,225945
11757000,1,40,64,225964
11758000,1,46,64,225980
11759000,1,51,64,225994
11760000,1,57,64,226009
11761000,1,29,64,226026
11762000,1,35,64,226043
11763000,1,40,64,226057
11764000,1,46,64,226072
11765000,1,51,64,226090
11766000,1,56,64,226108
11767000,1,30,64,226126
11768000,1,35,64,226144
11769000,1,40,64,226161
11770000,1,46,64,226179
11771000,1,51,64,226204
11772000,1,56,64,226226
11773000,1,30,64,226242
11774000,1,35,64,226258
11775000,1,41,64,226274
11776000,1,46,64,226293
11777000,1,51,64,226310
11778000,1,57,64,226326
11779000,1,30,64,226343
11780000,1,35,64,226361
11781000,1,40,64,226378
11782000,1,46,64,226395
11783000,1,51,64,226412
11784000,1,56,64,226428
11785000,1,30,64,226445
11786000,1,35,64,226462
11787000,1,41,64,226490
11788000,1,46,64,226514
11789000,1,51,64,226538
11790000,1,57,64,226558
11791000,1,30,64,226577
11792000,1,35,64,226595
11793000,1,40,64,226611
11794000,1,46,64,226627
11795000,1,51,64,226643
11796000,1,57,64,226661
11797000,1,30,64,226680
11798000,1,35,64,226697
11799000,1,41,64,226719
11800000,1,46,64,226738
11801000,1,52,64,226755
11802000,1,57,64,226771
11803000,1,29,64,226789
11804000,1,35,64,226807
11805000,1,40,64,226824
11806000,1,46,64,226842
11807000,1,51,64,226859
11808000,1,56,64,226875
11809000,1,30,64,226892
11810000,1,35,64,226910
11811000,1,41,64,226931
11812000,1,46,64,226948
11812200,1,47,64,226959
